Workbook

Sheet 출금_피벗
B1: 출금
A3: account type | B3: (모두)
A4: Date | B4: 2021-11-23
A5: ownership | B5: (모두)
A7: 합계 : quantity | B7: 열 레이블
B8: 미확인 | C8: 미확인 요약 | D8: Peertec | E8: Peertec 요약 | F8: 총합계
A9: 행 레이블 | B9: Coinone | D9: FTX
A10: ETH | D10: 563.013 | E10: 563.013 | F10: 563.013
A11: 44523.542 | D11: 563.013 | E11: 563.013 | F11: 563.013
A12: Binance | D12: 563.013 | E12: 563.013 | F12: 563.013
A13: Main | D13: 563.013 | E13: 563.013 | F13: 563.013
A14: XRP | B14: 45293.5 | C14: 45293.5 | F14: 45293.5
A15: 44523.941 | B15: 22576.75 | C15: 22576.75 | F15: 22576.75
A16: Binance | B16: 22576.75 | C16: 22576.75 | F16: 22576.75
A17: Main | B17: 22576.75 | C17: 22576.75 | F17: 22576.75
A18: 44523.884 | B18: 22716.75 | C18: 22716.75 | F18: 22716.75
A19: Binance | B19: 22716.75 | C19: 22716.75 | F19: 22716.75
A20: Main | B20: 22716.75 | C20: 22716.75 | F20: 22716.75
A21: 총합계 | B21: 45293.5 | C21: 45293.5 | D21: 563.013 | E21: 563.013 | F21: 45856.513

Sheet 입금_피벗
B1: 입금
A2: ownership | B2: (모두)
A3: account type | B3: (모두)
A4: Date | B4: 2022-03-18
A5: Deposit_coin | B5: (다중 항목)
A7: 행 레이블 | B7: 합계 : quantity
A8: 44638.428 | B8: 3.254097
A9: FTX | B9: 3.254097
A10: Main_Peertec | B10: 3.254097
A11: 44638.512 | B11: 77.7
A12: Binance | B12: 77.7
A13: Main | B13: 77.7
A14: 총합계 | B14: 80.954097

Sheet 지갑
A1: idx | B1: account type | C1: name | D1: ownership | E1: subname | F1: api id | G1: coin | H1: address | I1: tag | J1: Prefix
A2: 1 | B2: exchange | C2: FTX | D2: Peertec | E2: Main_Peertec | F2: 10003 | G2: BTC | H2: 337ne45ueXx2iAR1gNAqxnwsCGuLquCLnh | J2: 337ne45ueXx2iAR1gNAqxnwsCGuLquCLnh | K2: exchangeFTXPeertecMain_Peertec10003BTC
A3: 1 | B3: exchange | C3: FTX | D3: Peertec | E3: Main_Peertec | F3: 10003 | G3: XRP | H3: rPFXvVo2fYXVPdV9gCHQouHsMgMhQ2aUwM | I3: 3680179910 | J3: rPFXvVo2fYXVPdV9gCHQouHsMgMhQ2aUwM3680179910 | K3: exchangeFTXPeertecMain_Peertec10003XRP3680179910
A4: 1 | B4: exchange | C4: FTX | D4: Peertec | E4: Main_Peertec | F4: 10003 | G4: ETH | H4: 0xaB4Bfe506a3Cb36ADDf97678293bD429B9951726 | J4: 0xaB4Bfe506a3Cb36ADDf97678293bD429B9951726 | K4: exchangeFTXPeertecMain_Peertec10003ETH
A5: 1 | B5: exchange | C5: FTX | D5: Peertec | E5: Main_Peertec | F5: 10003 | G5: USDC | H5: 0x8E59558B73A92572834169Dc0096df9E42168B57 | J5: 0x8E59558B73A92572834169Dc0096df9E42168B57 | K5: exchangeFTXPeertecMain_Peertec10003USDC
A6: 1 | B6: exchange | C6: FTX | D6: Peertec | E6: Main_Peertec | F6: 10003 | G6: USDT | H6: 0x8f27fa136ff4da1796368380019029d81d12d06d | J6: 0x8f27fa136ff4da1796368380019029d81d12d06d | K6: exchangeFTXPeertecMain_Peertec10003USDT
A7: 1 | B7: exchange | C7: FTX | D7: Peertec | E7: Main_Peertec | F7: 10003 | G7: LUNA | H7: terra1luagdjcr9c9yvp3ak4d7chjm5gldcmgln5rku5 | I7: 823031602 | J7: terra1luagdjcr9c9yvp3ak4d7chjm5gldcmgln5rku5823031602 | K7: exchangeFTXPeertecMain_Peertec10003LUNA823031602
A8: 1 | B8: exchange | C8: FTX | D8: Peertec | E8: Main_Peertec | F8: 10003 | G8: UST | H8: terra1luagdjcr9c9yvp3ak4d7chjm5gldcmgln5rku5 | I8: 823031602 | J8: terra1luagdjcr9c9yvp3ak4d7chjm5gldcmgln5rku5823031602 | K8: exchangeFTXPeertecMain_Peertec10003UST823031602
A9: 1 | B9: exchange | C9: FTX | D9: Peertec | E9: Main_Peertec | F9: 10003 | G9: ATOM | H9: cosmos1kvyevlmp0gfd7f9qdnkq98tc59p2mg2smppwn7 | I9: 3529325778 | J9: cosmos1kvyevlmp0gfd7f9qdnkq98tc59p2mg2smppwn73529325778 | K9: exchangeFTXPeertecMain_Peertec10003ATOM3529325778
A10: 1 | B10: exchange | C10: FTX | D10: Peertec | E10: Main_Peertec | F10: 10003 | G10: MATIC | K10: exchangeFTXPeertecMain_Peertec10003MATIC
A11: 1 | B11: exchange | C11: FTX | D11: Peertec | E11: Main_Peertec | F11: 10003 | G11: NEAR | K11: exchangeFTXPeertecMain_Peertec10003NEAR
A12: 1 | B12: exchange | C12: FTX | D12: Peertec | E12: Main_Peertec | F12: 10003 | G12: TRX | K12: exchangeFTXPeertecMain_Peertec10003TRX
A13: 1 | B13: exchange | C13: FTX | D13: Peertec | E13: Main_Peertec | F13: 10003 | G13: BCH | H13: bitcoincash:qrl59ue7seauw2lsj370zu70gq04zwsh5unkfg6scm | J13: bitcoincash:qrl59ue7seauw2lsj370zu70gq04zwsh5unkfg6scm | K13: exchangeFTXPeertecMain_Peertec10003BCH
A14: 1 | B14: exchange | C14: FTX | D14: Peertec | E14: Main_Peertec | F14: 10003 | G14: BNB | K14: exchangeFTXPeertecMain_Peertec10003BNB
B15: exchange | C15: FTX | D15: Peertec | E15: Main_Peertec | F15: 10003 | G15: BUSD | K15: exchangeFTXPeertecMain_Peertec10003BUSD
A16: 1 | B16: exchange | C16: FTX | D16: Peertec | E16: Main_Peertec | F16: 10003 | G16: SOL | H16: DqF4jpup3cLNkMhVxCxNqKnxxqFuVNf4zfeAnvpqdbfr | J16: DqF4jpup3cLNkMhVxCxNqKnxxqFuVNf4zfeAnvpqdbfr | K16: exchangeFTXPeertecMain_Peertec10003SOL
A17: 1 | B17: exchange | C17: FTX | D17: Peertec | E17: Main_Peertec | F17: 10003 | G17: LTC | K17: exchangeFTXPeertecMain_Peertec10003LTC
A18: 2 | B18: exchange | C18: FTX | D18: BBRICK | E18: Main_Bbrick | F18: 10025 | G18: BTC | H18: 3H9GcbHrica8tDjBgkByHKNbwpcdTapLoK | J18: 3H9GcbHrica8tDjBgkByHKNbwpcdTapLoK | K18: exchangeFTXBBRICKMain_Bbrick10025BTC
A19: 2 | B19: exchange | C19: FTX | D19: BBRICK | E19: Main_Bbrick | F19: 10025 | G19: XRP | H19: rPFXvVo2fYXVPdV9gCHQouHsMgMhQ2aUwM | I19: 3396311572 | J19: rPFXvVo2fYXVPdV9gCHQouHsMgMhQ2aUwM3396311572 | K19: exchangeFTXBBRICKMain_Bbrick10025XRP3396311572
A20: 2 | B20: exchange | C20: FTX | D20: BBRICK | E20: Main_Bbrick | F20: 10025 | G20: ETH | H20: 0xd16eEBDb4F8804b66AB4b2c536917154d9a47E82 | J20: 0xd16eEBDb4F8804b66AB4b2c536917154d9a47E82 | K20: exchangeFTXBBRICKMain_Bbrick10025ETH
A21: 2 | B21: exchange | C21: FTX | D21: BBRICK | E21: Main_Bbrick | F21: 10025 | G21: USDC | H21: 0xA341107b28740ee5a003BA3960448fD14174a026 | J21: 0xA341107b28740ee5a003BA3960448fD14174a026 | K21: exchangeFTXBBRICKMain_Bbrick10025USDC
A22: 2 | B22: exchange | C22: FTX | D22: BBRICK | E22: Main_Bbrick | F22: 10025 | G22: USDT | H22: 0xA341107b28740ee5a003BA3960448fD14174a026 | J22: 0xA341107b28740ee5a003BA3960448fD14174a026 | K22: exchangeFTXBBRICKMain_Bbrick10025USDT
A23: 2 | B23: exchange | C23: FTX | D23: BBRICK | E23: Main_Bbrick | F23: 10025 | G23: LUNA | H23: terra1luagdjcr9c9yvp3ak4d7chjm5gldcmgln5rku5 | I23: 1273090217 | J23: terra1luagdjcr9c9yvp3ak4d7chjm5gldcmgln5rku51273090217 | K23: exchangeFTXBBRICKMain_Bbrick10025LUNA1273090217
A24: 2 | B24: exchange | C24: FTX | D24: BBRICK | E24: Main_Bbrick | F24: 10025 | G24: UST | H24: terra1luagdjcr9c9yvp3ak4d7chjm5gldcmgln5rku5 | I24: 1273090217 | J24: terra1luagdjcr9c9yvp3ak4d7chjm5gldcmgln5rku51273090217 | K24: exchangeFTXBBRICKMain_Bbrick10025UST1273090217
A25: 2 | B25: exchange | C25: FTX | D25: BBRICK | E25: Main_Bbrick | F25: 10025 | G25: BNB | K25: exchangeFTXBBRICKMain_Bbrick10025BNB
A26: 2 | B26: exchange | C26: FTX | D26: BBRICK | E26: Main_Bbrick | F26: 10025 | G26: DAI | K26: exchangeFTXBBRICKMain_Bbrick10025DAI
A27: 2 | B27: exchange | C27: FTX | D27: BBRICK | E27: Main_Bbrick | F27: 10025 | G27: LTC | K27: exchangeFTXBBRICKMain_Bbrick10025LTC
A28: 2 | B28: exchange | C28: FTX | D28: BBRICK | E28: Main_Bbrick | F28: 10025 | G28: SOL | H28: Ge2iS3fXCNM3LwzECBAoHba6JgubMwB9R7NGmvSu6MuG | J28: Ge2iS3fXCNM3LwzECBAoHba6JgubMwB9R7NGmvSu6MuG | K28: exchangeFTXBBRICKMain_Bbrick10025SOL
A29: 2 | B29: exchange | C29: FTX | D29: BBRICK | E29: Main_Bbrick | F29: 10025 | G29: USD | K29: exchangeFTXBBRICKMain_Bbrick10025USD
A30: 2 | B30: exchange | C30: FTX | D30: BBRICK | E30: Main_Bbrick | F30: 10025 | G30: WBTC | K30: exchangeFTXBBRICKMain_Bbrick10025WBTC
A31: 3 | B31: exchange | C31: FTX | D31: BBRICK | E31: Bithumb_ETH | F31: 1 | G31: BTC | H31: 35JMNYtbvEjth4TLgiPDbhswho65ydNhVF | J31: 35JMNYtbvEjth4TLgiPDbhswho65ydNhVF | K31: exchangeFTXBBRICKBithumb_ETH1BTC
A32: 3 | B32: exchange | C32: FTX | D32: BBRICK | E32: Bithumb_ETH | F32: 1 | G32: XRP | H32: rPFXvVo2fYXVPdV9gCHQouHsMgMhQ2aUwM | I32: 1824918435 | J32: rPFXvVo2fYXVPdV9gCHQouHsMgMhQ2aUwM1824918435 | K32: exchangeFTXBBRICKBithumb_ETH1XRP1824918435
A33: 3 | B33: exchange | C33: FTX | D33: BBRICK | E33: Bithumb_ETH | F33: 1 | G33: ETH | H33: 0xAe45aBf4685B0A0a81664094896CB1e378710168 | J33: 0xAe45aBf4685B0A0a81664094896CB1e378710168 | K33: exchangeFTXBBRICKBithumb_ETH1ETH
A34: 3 | B34: exchange | C34: FTX | D34: BBRICK | E34: Bithumb_ETH | F34: 1 | G34: USDC | H34: 0x072f87370eFF242A1eD79907dD990846Ad934Bd8 | J34: 0x072f87370eFF242A1eD79907dD990846Ad934Bd8 | K34: exchangeFTXBBRICKBithumb_ETH1USDC
A35: 3 | B35: exchange | C35: FTX | D35: BBRICK | E35: Bithumb_ETH | F35: 1 | G35: USDT | H35: 0x072f87370eFF242A1eD79907dD990846Ad934Bd8 | J35: 0x072f87370eFF242A1eD79907dD990846Ad934Bd8 | K35: exchangeFTXBBRICKBithumb_ETH1USDT
A36: 3 | B36: exchange | C36: FTX | D36: BBRICK | E36: Bithumb_ETH | F36: 1 | G36: LUNA | H36: terra1luagdjcr9c9yvp3ak4d7chjm5gldcmgln5rku5 | I36: 614830254 | J36: terra1luagdjcr9c9yvp3ak4d7chjm5gldcmgln5rku5614830254 | K36: exchangeFTXBBRICKBithumb_ETH1LUNA614830254
B37: exchange | C37: FTX | D37: BBRICK | E37: Bithumb_ETH | F37: 1 | G37: TRX | H37: TQ4oJx8GtPV34vBwxErGKj2n6rmhPycYni | J37: TQ4oJx8GtPV34vBwxErGKj2n6rmhPycYni | K37: exchangeFTXBBRICKBithumb_ETH1TRX
A38: 3 | B38: exchange | C38: FTX | D38: BBRICK | E38: Bithumb_ETH | F38: 1 | G38: UST | H38: terra1luagdjcr9c9yvp3ak4d7chjm5gldcmgln5rku5 | I38: 614830254 | J38: terra1luagdjcr9c9yvp3ak4d7chjm5gldcmgln5rku5614830254 | K38: exchangeFTXBBRICKBithumb_ETH1UST614830254
A39: 4 | B39: exchange | C39: FTX | D39: BBRICK | E39: B-Brick | F39: 8 | G39: BTC | H39: 39wUrg2Sd1UG8Gey19faN4YQRPYEDpb48E | J39: 39wUrg2Sd1UG8Gey19faN4YQRPYEDpb48E | K39: exchangeFTXBBRICKB-Brick8BTC
A40: 4 | B40: exchange | C40: FTX | D40: BBRICK | E40: B-Brick | F40: 8 | G40: XRP | H40: rPFXvVo2fYXVPdV9gCHQouHsMgMhQ2aUwM | I40: 1464472549 | J40: rPFXvVo2fYXVPdV9gCHQouHsMgMhQ2aUwM1464472549 | K40: exchangeFTXBBRICKB-Brick8XRP1464472549
A41: 4 | B41: exchange | C41: FTX | D41: BBRICK | E41: B-Brick | F41: 8 | G41: ETH | H41: 0xBA7600fa3507c8f357C6206B645385D7e4723895 | J41: 0xBA7600fa3507c8f357C6206B645385D7e4723895 | K41: exchangeFTXBBRICKB-Brick8ETH
A42: 4 | B42: exchange | C42: FTX | D42: BBRICK | E42: B-Brick | F42: 8 | G42: USDC | H42: 0xAa149A5172c5f27a8a259001AD3d62B2166Ae851 | J42: 0xAa149A5172c5f27a8a259001AD3d62B2166Ae851 | K42: exchangeFTXBBRICKB-Brick8USDC
A43: 4 | B43: exchange | C43: FTX | D43: BBRICK | E43: B-Brick | F43: 8 | G43: USDT | H43: 0xAa149A5172c5f27a8a259001AD3d62B2166Ae851 | J43: 0xAa149A5172c5f27a8a259001AD3d62B2166Ae851 | K43: exchangeFTXBBRICKB-Brick8USDT
A44: 4 | B44: exchange | C44: FTX | D44: BBRICK | E44: B-Brick | F44: 8 | G44: LUNA | H44: terra1luagdjcr9c9yvp3ak4d7chjm5gldcmgln5rku5 | I44: 3279694735 | J44: terra1luagdjcr9c9yvp3ak4d7chjm5gldcmgln5rku53279694735 | K44: exchangeFTXBBRICKB-Brick8LUNA3279694735
A45: 4 | B45: exchange | C45: FTX | D45: BBRICK | E45: B-Brick | F45: 8 | G45: UST | H45: terra1luagdjcr9c9yvp3ak4d7chjm5gldcmgln5rku5 | I45: 3279694735 | J45: terra1luagdjcr9c9yvp3ak4d7chjm5gldcmgln5rku53279694735 | K45: exchangeFTXBBRICKB-Brick8UST3279694735
B46: exchange | C46: FTX | D46: BBRICK | E46: B-Brick | F46: 8 | G46: TRX | H46: TBZzSoqvzAdEqTQ2CwDuEWZbmooG35qfLf | J46: TBZzSoqvzAdEqTQ2CwDuEWZbmooG35qfLf | K46: exchangeFTXBBRICKB-Brick8TRX
B47: exchange | C47: FTX | D47: BBRICK | E47: B-Brick | F47: 8 | G47: SOL | H47: 4WALSVwxUyuXkxFqSwcweEgh2ddYjYoaFw3yUw3GMDPK | J47: 4WALSVwxUyuXkxFqSwcweEgh2ddYjYoaFw3yUw3GMDPK | K47: exchangeFTXBBRICKB-Brick8SOL
A48: 5 | B48: exchange | C48: FTX | D48: BBRICK | E48: Coinone | F48: 10000 | G48: BTC | H48: 3PEG3HHki2gndo6KBcptAYK7QKhYY29BTs | J48: 3PEG3HHki2gndo6KBcptAYK7QKhYY29BTs | K48: exchangeFTXBBRICKCoinone10000BTC
A49: 5 | B49: exchange | C49: FTX | D49: BBRICK | E49: Coinone | F49: 10000 | G49: XRP | H49: rPFXvVo2fYXVPdV9gCHQouHsMgMhQ2aUwM | I49: 1639665797 | J49: rPFXvVo2fYXVPdV9gCHQouHsMgMhQ2aUwM1639665797 | K49: exchangeFTXBBRICKCoinone10000XRP1639665797
A50: 5 | B50: exchange | C50: FTX | D50: BBRICK | E50: Coinone | F50: 10000 | G50: ETH | H50: 0x15C90634eD89723e96c852981174E55Ef2972C94 | J50: 0x15C90634eD89723e96c852981174E55Ef2972C94 | K50: exchangeFTXBBRICKCoinone10000ETH
A51: 5 | B51: exchange | C51: FTX | D51: BBRICK | E51: Coinone | F51: 10000 | G51: USDC | H51: 0x8B94148A0F089a5BF478d0A3349bA6dB3fF7181d | J51: 0x8B94148A0F089a5BF478d0A3349bA6dB3fF7181d | K51: exchangeFTXBBRICKCoinone10000USDC
A52: 5 | B52: exchange | C52: FTX | D52: BBRICK | E52: Coinone | F52: 10000 | G52: USDT | H52: 0x8B94148A0F089a5BF478d0A3349bA6dB3fF7181d | J52: 0x8B94148A0F089a5BF478d0A3349bA6dB3fF7181d | K52: exchangeFTXBBRICKCoinone10000USDT
A53: 5 | B53: exchange | C53: FTX | D53: BBRICK | E53: Coinone | F53: 10000 | G53: LUNA | H53: terra1luagdjcr9c9yvp3ak4d7chjm5gldcmgln5rku5 | I53: 4024529344 | J53: terra1luagdjcr9c9yvp3ak4d7chjm5gldcmgln5rku54024529344 | K53: exchangeFTXBBRICKCoinone10000LUNA4024529344
A54: 5 | B54: exchange | C54: FTX | D54: BBRICK | E54: Coinone | F54: 10000 | G54: UST | H54: terra1luagdjcr9c9yvp3ak4d7chjm5gldcmgln5rku5 | I54: 4024529344 | J54: terra1luagdjcr9c9yvp3ak4d7chjm5gldcmgln5rku54024529344 | K54: exchangeFTXBBRICKCoinone10000UST4024529344
B55: exchange | C55: FTX | D55: BBRICK | E55: Coinone | F55: 10000 | G55: SOL | H55: 6PkerbDFPRdw4L2xp9odkCab8cLx6vwCZrgkWfDZzNoD | J55: 6PkerbDFPRdw4L2xp9odkCab8cLx6vwCZrgkWfDZzNoD | K55: exchangeFTXBBRICKCoinone10000SOL
A56: 6 | B56: exchange | C56: FTX | D56: BBRICK | E56: Bithumb | F56: 7 | G56: BTC | H56: 3LLRS688CkBg71m4qvEffbHh9sMQZfH5or | J56: 3LLRS688CkBg71m4qvEffbHh9sMQZfH5or | K56: exchangeFTXBBRICKBithumb7BTC
A57: 6 | B57: exchange | C57: FTX | D57: BBRICK | E57: Bithumb | F57: 7 | G57: XRP | H57: rPFXvVo2fYXVPdV9gCHQouHsMgMhQ2aUwM | I57: 3881198667 | J57: rPFXvVo2fYXVPdV9gCHQouHsMgMhQ2aUwM3881198667 | K57: exchangeFTXBBRICKBithumb7XRP3881198667
A58: 6 | B58: exchange | C58: FTX | D58: BBRICK | E58: Bithumb | F58: 7 | G58: ETH | H58: 0x87b88FB60b6429DB66ADd58aB6C909A1C715E346 | J58: 0x87b88FB60b6429DB66ADd58aB6C909A1C715E346 | K58: exchangeFTXBBRICKBithumb7ETH
A59: 6 | B59: exchange | C59: FTX | D59: BBRICK | E59: Bithumb | F59: 7 | G59: USDC | H59: 0xCe17482d83FD53E2A921186Bd6ddd412610F7A1f | J59: 0xCe17482d83FD53E2A921186Bd6ddd412610F7A1f | K59: exchangeFTXBBRICKBithumb7USDC
A60: 6 | B60: exchange | C60: FTX | D60: BBRICK | E60: Bithumb | F60: 7 | G60: USDT | H60: 0xCe17482d83FD53E2A921186Bd6ddd412610F7A1f | J60: 0xCe17482d83FD53E2A921186Bd6ddd412610F7A1f | K60: exchangeFTXBBRICKBithumb7USDT
A61: 6 | B61: exchange | C61: FTX | D61: BBRICK | E61: Bithumb | F61: 7 | G61: LUNA | H61: terra1luagdjcr9c9yvp3ak4d7chjm5gldcmgln5rku5 | I61: 156517721 | J61: terra1luagdjcr9c9yvp3ak4d7chjm5gldcmgln5rku5156517721 | K61: exchangeFTXBBRICKBithumb7LUNA156517721
A62: 6 | B62: exchange | C62: FTX | D62: BBRICK | E62: Bithumb | F62: 7 | G62: UST | H62: terra1luagdjcr9c9yvp3ak4d7chjm5gldcmgln5rku5 | I62: 156517721 | J62: terra1luagdjcr9c9yvp3ak4d7chjm5gldcmgln5rku5156517721 | K62: exchangeFTXBBRICKBithumb7UST156517721
B63: exchange | C63: FTX | D63: BBRICK | E63: Bithumb | F63: 7 | G63: SOL | H63: HFaX33KAtC9knovpb1xsMXfV971D8L4Qhf66XzozYGww | J63: HFaX33KAtC9knovpb1xsMXfV971D8L4Qhf66XzozYGww | K63: exchangeFTXBBRICKBithumb7SOL
A64: 7 | B64: exchange | C64: FTX | D64: BBRICK | E64: BTSE | G64: BTC | H64: 39YqL8uJFKRQTG6xEiywkbUB7fRQF1R8zd | J64: 39YqL8uJFKRQTG6xEiywkbUB7fRQF1R8zd | K64: exchangeFTXBBRICKBTSEBTC
A65: 7 | B65: exchange | C65: FTX | D65: BBRICK | E65: BTSE | G65: ETH | H65: 0xD7A84c8417782401dc31b009fEb1976DeBd5728f | J65: 0xD7A84c8417782401dc31b009fEb1976DeBd5728f | K65: exchangeFTXBBRICKBTSEETH
A66: 7 | B66: exchange | C66: FTX | D66: BBRICK | E66: BTSE | G66: USDC | H66: 0xbAafa054940dB14170b608903067149c9E744545 | J66: 0xbAafa054940dB14170b608903067149c9E744545 | K66: exchangeFTXBBRICKBTSEUSDC
A67: 7 | B67: exchange | C67: FTX | D67: BBRICK | E67: BTSE | G67: USDT | H67: 0xbAafa054940dB14170b608903067149c9E744545 | J67: 0xbAafa054940dB14170b608903067149c9E744545 | K67: exchangeFTXBBRICKBTSEUSDT
A68: 7 | B68: exchange | C68: FTX | D68: BBRICK | E68: BTSE | G68: LUNA | H68: terra1luagdjcr9c9yvp3ak4d7chjm5gldcmgln5rku5 | I68: 522961762 | J68: terra1luagdjcr9c9yvp3ak4d7chjm5gldcmgln5rku5522961762 | K68: exchangeFTXBBRICKBTSELUNA522961762
A69: 7 | B69: exchange | C69: FTX | D69: BBRICK | E69: BTSE | G69: UST | H69: terra1luagdjcr9c9yvp3ak4d7chjm5gldcmgln5rku5 | I69: 522961762 | J69: terra1luagdjcr9c9yvp3ak4d7chjm5gldcmgln5rku5522961762 | K69: exchangeFTXBBRICKBTSEUST522961762
A70: 7 | B70: exchange | C70: FTX | D70: BBRICK | E70: BTSE | G70: XRP | H70: rPFXvVo2fYXVPdV9gCHQouHsMgMhQ2aUwM | I70: 579959289 | J70: rPFXvVo2fYXVPdV9gCHQouHsMgMhQ2aUwM579959289 | K70: exchangeFTXBBRICKBTSEXRP579959289
B71: exchange | C71: FTX | D71: BBRICK | E71: BTSE | G71: SOL | H71: E7vHSrWmYuhftiCQjYorn92TwqJns26TRgVdK9BcNRX1 | J71: E7vHSrWmYuhftiCQjYorn92TwqJns26TRgVdK9BcNRX1 | K71: exchangeFTXBBRICKBTSESOL
A72: 8 | B72: exchange | C72: Binance | D72: BBRICK | E72: Main | F72: 10012 | G72: ETH | H72: 0x5d6fcf22aa4e4ff8da0abe329392e7c5306d22f3 | J72: 0x5d6fcf22aa4e4ff8da0abe329392e7c5306d22f3 | K72: exchangeBinanceBBRICKMain10012ETH
A73: 8 | B73: exchange | C73: Binance | D73: BBRICK | E73: Main | F73: 10012 | G73: BTC | H73: 19SK9LWSXLdmwPxvjPgvUrdaPhaPS6LaNu | J73: 19SK9LWSXLdmwPxvjPgvUrdaPhaPS6LaNu | K73: exchangeBinanceBBRICKMain10012BTC
A74: 8 | B74: exchange | C74: Binance | D74: BBRICK | E74: Main | F74: 10012 | G74: ATOM | H74: cosmos15v50ymp6n5dn73erkqtmq0u8adpl8d3ujv2e74 | I74: 101230448 | J74: cosmos15v50ymp6n5dn73erkqtmq0u8adpl8d3ujv2e74101230448 | K74: exchangeBinanceBBRICKMain10012ATOM101230448
A75: 8 | B75: exchange | C75: Binance | D75: BBRICK | E75: Main | F75: 10012 | G75: XRP | H75: rEb8TK3gBgk5auZkwc6sHnwrGVJH8DuaLh | I75: 105711647 | J75: rEb8TK3gBgk5auZkwc6sHnwrGVJH8DuaLh105711647 | K75: exchangeBinanceBBRICKMain10012XRP105711647
A76: 8 | B76: exchange | C76: Binance | D76: BBRICK | E76: Main | F76: 10012 | G76: USDC | K76: exchangeBinanceBBRICKMain10012USDC
A77: 8 | B77: exchange | C77: Binance | D77: BBRICK | E77: Main | F77: 10012 | G77: USDT | K77: exchangeBinanceBBRICKMain10012USDT
A78: 8 | B78: exchange | C78: Binance | D78: BBRICK | E78: Main | F78: 10012 | G78: LUNA | H78: terra1ncjg4a59x2pgvqy9qjyqprlj8lrwshm0wleht5 | I78: 102585224 | J78: terra1ncjg4a59x2pgvqy9qjyqprlj8lrwshm0wleht5102585224 | K78: exchangeBinanceBBRICKMain10012LUNA102585224
A79: 8 | B79: exchange | C79: Binance | D79: BBRICK | E79: Main | F79: 10012 | G79: UST | H79: terra1ncjg4a59x2pgvqy9qjyqprlj8lrwshm0wleht5 | I79: 102585224 | J79: terra1ncjg4a59x2pgvqy9qjyqprlj8lrwshm0wleht5102585224 | K79: exchangeBinanceBBRICKMain10012UST102585224
A80: 8 | B80: exchange | C80: Binance | D80: BBRICK | E80: Main | F80: 10012 | G80: KLAY | H80: 0x5d6fcf22aa4e4ff8da0abe329392e7c5306d22f3 | J80: 0x5d6fcf22aa4e4ff8da0abe329392e7c5306d22f3 | K80: exchangeBinanceBBRICKMain10012KLAY
B81: exchange | C81: Binance | D81: BBRICK | E81: Main | F81: 10012 | G81: EOS | H81: binancecleos | I81: 106375124 | J81: binancecleos106375124 | K81: exchangeBinanceBBRICKMain10012EOS106375124
B82: exchange | C82: Binance | D82: BBRICK | E82: Main | F82: 10012 | G82: SOL | H82: SUZXwKfyPi8U4nMJNvT6b7WgDkaKmHvfVT9uE3yZYjx | J82: SUZXwKfyPi8U4nMJNvT6b7WgDkaKmHvfVT9uE3yZYjx | K82: exchangeBinanceBBRICKMain10012SOL
A83: 8 | B83: exchange | C83: Binance | D83: BBRICK | E83: Main | F83: 10012 | G83: TRX | H83: TKt8ayzQe4UgGrh3ezSBncjsdbMAgH7QWc | J83: TKt8ayzQe4UgGrh3ezSBncjsdbMAgH7QWc | K83: exchangeBinanceBBRICKMain10012TRX
A84: 8 | B84: exchange | C84: Binance | D84: BBRICK | E84: Main | F84: 10012 | G84: XLM | H84: GAHK7EEG2WWHVKDNT4CEQFZGKF2LGDSW2IVM4S5DP42RBW3K6BTODB4A | I84: 1061941801 | J84: GAHK7EEG2WWHVKDNT4CEQFZGKF2LGDSW2IVM4S5DP42RBW3K6BTODB4A1061941801 | K84: exchangeBinanceBBRICKMain10012XLM1061941801
A85: 8 | B85: exchange | C85: Binance | D85: BBRICK | E85: Main | F85: 10012 | G85: BNB | K85: exchangeBinanceBBRICKMain10012BNB
A86: 8 | B86: exchange | C86: Binance | D86: BBRICK | E86: Main | F86: 10012 | G86: BUSD | K86: exchangeBinanceBBRICKMain10012BUSD
A87: 9 | B87: exchange | C87: Binance | D87: BBRICK | E87: Sub | F87: 10028 | G87: ETH | H87: 0xe3e6ab120c2d2a7acfa6ba8aab669f880ea2a17a | J87: 0xe3e6ab120c2d2a7acfa6ba8aab669f880ea2a17a | K87: exchangeBinanceBBRICKSub10028ETH
A88: 9 | B88: exchange | C88: Binance | D88: BBRICK | E88: Sub | F88: 10028 | G88: BTC | H88: 16esxERx1HMYyX8kr5Zh9YZqepZk7gzuCn | J88: 16esxERx1HMYyX8kr5Zh9YZqepZk7gzuCn | K88: exchangeBinanceBBRICKSub10028BTC
A89: 9 | B89: exchange | C89: Binance | D89: BBRICK | E89: Sub | F89: 10028 | G89: ATOM | H89: cosmos15v50ymp6n5dn73erkqtmq0u8adpl8d3ujv2e74 | I89: 104932661 | J89: cosmos15v50ymp6n5dn73erkqtmq0u8adpl8d3ujv2e74104932661 | K89: exchangeBinanceBBRICKSub10028ATOM104932661
A90: 9 | B90: exchange | C90: Binance | D90: BBRICK | E90: Sub | F90: 10028 | G90: XRP | H90: rEb8TK3gBgk5auZkwc6sHnwrGVJH8DuaLh | I90: 531897458 | J90: rEb8TK3gBgk5auZkwc6sHnwrGVJH8DuaLh531897458 | K90: exchangeBinanceBBRICKSub10028XRP531897458
A91: 9 | B91: exchange | C91: Binance | D91: BBRICK | E91: Sub | F91: 10028 | G91: USDC | K91: exchangeBinanceBBRICKSub10028USDC
A92: 9 | B92: exchange | C92: Binance | D92: BBRICK | E92: Sub | F92: 10028 | G92: USDT | K92: exchangeBinanceBBRICKSub10028USDT
A93: 9 | B93: exchange | C93: Binance | D93: BBRICK | E93: Sub | F93: 10028 | G93: LUNA | K93: exchangeBinanceBBRICKSub10028LUNA
A94: 9 | B94: exchange | C94: Binance | D94: BBRICK | E94: Sub | F94: 10028 | G94: UST | K94: exchangeBinanceBBRICKSub10028UST
A95: 9 | B95: exchange | C95: Binance | D95: BBRICK | E95: Sub | F95: 10028 | G95: KLAY | K95: exchangeBinanceBBRICKSub10028KLAY
B96: exchange | C96: GDAC | D96: Peertec | E96: Gdac index | F96: 10004 | G96: ATOM | H96: cosmos1yglvxvza3j6hq0h3s8dwneawnwpgs0fwwa2up0 | J96: cosmos1yglvxvza3j6hq0h3s8dwneawnwpgs0fwwa2up0 | K96: exchangeGDACPeertecGdac index10004ATOM
B97: exchange | C97: GDAC | D97: Peertec | E97: Gdac index | F97: 10004 | G97: BCH | H97: 3H3Z5LX8KwwEvsP7srBEhJ6S8YcQfPh2JA | J97: 3H3Z5LX8KwwEvsP7srBEhJ6S8YcQfPh2JA | K97: exchangeGDACPeertecGdac index10004BCH
B98: exchange | C98: GDAC | D98: Peertec | E98: Gdac index | F98: 10004 | G98: BTC | H98: 38DHELMPRpYKZ2WBsbSSu2XpL1z6DCuxbA | J98: 38DHELMPRpYKZ2WBsbSSu2XpL1z6DCuxbA | K98: exchangeGDACPeertecGdac index10004BTC
B99: exchange | C99: GDAC | D99: Peertec | E99: Gdac index | F99: 10004 | G99: ETC | H99: 0x12ab6a5ae97bc500f1690a0dabff7841e37b2c8c | J99: 0x12ab6a5ae97bc500f1690a0dabff7841e37b2c8c | K99: exchangeGDACPeertecGdac index10004ETC
B100: exchange | C100: GDAC | D100: Peertec | E100: Gdac index | F100: 10004 | G100: ETH | H100: 0x65f50dbae9d1d1f494df5c412a2b2841cf8e0a07 | J100: 0x65f50dbae9d1d1f494df5c412a2b2841cf8e0a07 | K100: exchangeGDACPeertecGdac index10004ETH
...

Sheet 입금
A1: account type | B1: name | C1: ownership | D1: subname | E1: api id | F1: coin | G1: address | H1: tag | I1: to | J1: Deposit_Ownership | K1: Deposit_coin | L1: network | M1: quantity | N1: from | O1: from_tag | P1: from_account type | Q1: from_name | R1: from_ownership | S1: txid | T1: time | U1: Date
A2: exchange | B2: FTX | C2: BBRICK | D2: B-Brick | E2: 8 | F2: USDC | G2: 0xAa149A5172c5f27a8a259001AD3d62B2166Ae851 | I2: FTX | J2: BBRICK | K2: USDC | L2: ERC20 | M2: 20637800 | N2: 0x44b68b196148e426402b3e9ab3be974176ad32c0 | S2: 0xca901c2b87fffea7cceb8701e6352a0b500d6738700e9ee0076128ad667fbce4 | T2: 44631.748 | U2: 2022-03-11
A3: exchange | B3: FTX | C3: BBRICK | D3: B-Brick | E3: 8 | F3: USDC | G3: 0xAa149A5172c5f27a8a259001AD3d62B2166Ae851 | I3: FTX | J3: BBRICK | K3: USDC | L3: ERC20 | M3: 8491319 | N3: 0x44b68b196148e426402b3e9ab3be974176ad32c0 | S3: 0xf2f1e89f40e73e228cea3db35b841552f9494f46333387fb72501370a5532a93 | T3: 44628.538 | U3: 2022-03-08
A4: exchange | B4: FTX | C4: BBRICK | D4: B-Brick | E4: 8 | F4: USDC | G4: 0xAa149A5172c5f27a8a259001AD3d62B2166Ae851 | I4: FTX | J4: BBRICK | K4: USDC | L4: ERC20 | M4: 10 | N4: 0x44b68b196148e426402b3e9ab3be974176ad32c0 | S4: 0x71ebc28929e3f55b839f7a3a40eed3aaa891bacedccd143e57e1e8b2a1fb4ffd | T4: 44628.451 | U4: 2022-03-08
A5: exchange | B5: Huobi | C5: Peertec | F5: ETH | G5: 0xdb245cf0aec8bf5d4b3002d00f3e701e80ba380a | I5: Huobi | J5: Peertec | K5: ETH | L5: ETH | M5: 249.99 | N5: 0x97122ddca38c29b7653d52b07998d06a7128fa0b | S5: af3a9795b83dd46101b341f7c10046fec83b22e3e84cf39d2d64c7ae6356c572 | T5: 44232.773 | U5: 2021-02-05
A6: exchange | B6: FTX | C6: BBRICK | D6: B-Brick | E6: 8 | F6: ETH | G6: 0xBA7600fa3507c8f357C6206B645385D7e4723895 | I6: FTX | J6: BBRICK | K6: ETH | L6: ETH | M6: 2390.1163 | N6: 0xc168062c9c958e01914c7e3885537541dbb9ed08 | S6: 0xdd1194b1aa66f21200313ac0fbc08bfab4344825491ea0b8e327e3edd79aaf9d | T6: 44614.602 | U6: 2022-02-22
A7: exchange | B7: FTX | C7: BBRICK | D7: B-Brick | E7: 8 | F7: ETH | G7: 0xBA7600fa3507c8f357C6206B645385D7e4723895 | I7: FTX | J7: BBRICK | K7: ETH | L7: ETH | M7: 4200 | N7: 0xafadc4302f07e9460eb4c31ec741c0f3e308ff3a | S7: 0xf2fa7849093bc059c5b015bf23d6aa75b68c1cc7cc57a95d939c86694ce41640 | T7: 44614.581 | U7: 2022-02-22
A8: exchange | B8: FTX | C8: BBRICK | D8: B-Brick | E8: 8 | F8: USD | G8: #N/A | I8: FTX | J8: BBRICK | K8: USD | M8: 1110350.2 | T8: 44579.426 | U8: 2022-01-18
A9: exchange | B9: FTX | C9: BBRICK | D9: B-Brick | E9: 8 | F9: USD | G9: #N/A | I9: FTX | J9: BBRICK | K9: USD | M9: 110350.18 | T9: 44579.426 | U9: 2022-01-18
A10: exchange | B10: FTX | C10: BBRICK | D10: B-Brick | E10: 8 | F10: SOL | G10: 4WALSVwxUyuXkxFqSwcweEgh2ddYjYoaFw3yUw3GMDPK | I10: FTX | J10: BBRICK | K10: SOL | M10: 1497.5786 | T10: 44579.426 | U10: 2022-01-18
A11: exchange | B11: FTX | C11: BBRICK | D11: B-Brick | E11: 8 | F11: USD | G11: #N/A | I11: FTX | J11: BBRICK | K11: USD | M11: 1497.5786 | T11: 44579.426 | U11: 2022-01-18
A12: exchange | B12: FTX | C12: BBRICK | D12: B-Brick | E12: 8 | F12: SOL | G12: 4WALSVwxUyuXkxFqSwcweEgh2ddYjYoaFw3yUw3GMDPK | I12: FTX | J12: BBRICK | K12: SOL | M12: 1497.5786 | T12: 44578.41 | U12: 2022-01-17
A13: exchange | B13: FTX | C13: BBRICK | D13: B-Brick | E13: 8 | F13: USD | G13: #N/A | I13: FTX | J13: BBRICK | K13: USD | M13: 1512134 | T13: 44578.404 | U13: 2022-01-17
A14: exchange | B14: FTX | C14: BBRICK | D14: B-Brick | E14: 8 | F14: BUSD | G14: #N/A | I14: FTX | J14: BBRICK | K14: BUSD | L14: BSC | M14: 1463218 | N14: 0xa3479d004c339ab1bc8a5873b5657e7aecd6af461f3b01bea3a572073b290689 (Binance: Hot Wallet 6) | P14: exchange | Q14: Binance | R14: BBRICK | S14: 0xa3479d004c339ab1bc8a5873b5657e7aecd6af461f3b01bea3a572073b290689 | T14: 44561.563 | U14: 2021-12-31
A15: exchange | B15: OKEX | C15: Peertec | F15: KLAY | G15: 0x5006bc0d4fa0117e93d21aa663969fc6703a4319 | I15: OKEX | J15: Peertec | K15: KLAY | L15: KLAY | M15: 7901.1188 | N15: 0x980e9dfeaa8ea715e97827bb770fac8b97090ef1 | S15: 0x1149ea5ef99a22a9d4d04c65e21daf9e25d35dbaf2098171774817032b1914b7 | T15: 44646.193 | U15: 2022-03-26
A16: exchange | B16: FTX | C16: BBRICK | D16: B-Brick | E16: 8 | F16: SOL | G16: 4WALSVwxUyuXkxFqSwcweEgh2ddYjYoaFw3yUw3GMDPK | I16: FTX | J16: BBRICK | K16: SOL | M16: 1497.5786 | T16: 44561.508 | U16: 2021-12-31
A17: exchange | B17: FTX | C17: BBRICK | D17: B-Brick | E17: 8 | F17: BTC | G17: 39wUrg2Sd1UG8Gey19faN4YQRPYEDpb48E | I17: FTX | J17: BBRICK | K17: BTC | M17: 7.3130319 | T17: 44477.608 | U17: 2021-10-08
A18: exchange | B18: OKEX | C18: Peertec | F18: USDT | G18: 0x5006bc0d4fa0117e93d21aa663969fc6703a4319 | I18: OKEX | J18: Peertec | K18: USDT | L18: TRON | M18: 100 | N18: 0xA341107b28740ee5a003BA3960448fD14174a026 | P18: exchange | Q18: FTX | R18: BBRICK | S18: 2e38fa3e38e04b21edba9a15a00c1bcc18ba93ca3984463d0ce565ff056ff80f | T18: 44647.91 | U18: 2022-03-27
A19: Wallet | B19: Terra | C19: BBRICK | D19: 비브릭용_Terra_wallet | G19: terra174evzq0tnd0uvzkkrvg08n9geqpcsvdrychcm8 | I19: Terra | J19: BBRICK | K19: Luna | L19: TERRA | M19: 9.98 | N19: terra1ncjg4a59x2pgvqy9qjyqprlj8lrwshm0wleht5 | O19: 102585224 | P19: exchange | Q19: Binance | R19: BBRICK | S19: B1CA82D9B8741FBBE0C9274A99FBDC8B2A8363C2AEA508C6AB43C7175DD6CA66 | T19: 44478.494 | U19: 2021-10-09
A20: exchange | B20: OKEX | C20: Peertec | F20: KLAY | G20: 0x5006bc0d4fa0117e93d21aa663969fc6703a4319 | I20: OKEX | J20: Peertec | K20: KLAY | L20: KLAY | M20: 40.431743 | N20: 0x980e9dfeaa8ea715e97827bb770fac8b97090ef1 | S20: 0x3a52ff0b68ef3e5e0b32ebf4649cc2d9424ae155b8071ccd09427d126a1e140f | T20: 44648.347 | U20: 2022-03-28
A21: exchange | B21: FTX | C21: BBRICK | D21: B-Brick | E21: 8 | F21: USD | G21: #N/A | I21: FTX | J21: BBRICK | K21: USD | M21: 200000 | T21: 44175.379 | U21: 2020-12-10
A22: exchange | B22: FTX | C22: BBRICK | D22: B-Brick | E22: 8 | F22: USD | G22: #N/A | I22: FTX | J22: BBRICK | K22: USD | M22: 10000 | T22: 44168.476 | U22: 2020-12-03
A23: exchange | B23: OKEX | C23: Peertec | F23: ETC | G23: 0x4972a657d735e8ff5c2cfd2a7a5299100091f900? | I23: OKEX | J23: Peertec | K23: ETC | L23: ETC | M23: 55.838991 | S23: 0x1af0c1f70aa0aab493c51111d00bb42f22e876932807c34f73162d02ea4d4281 | T23: 44650.403 | U23: 2022-03-30
A24: exchange | B24: FTX | C24: BBRICK | D24: Bithumb | E24: 7 | F24: BNB | G24: #N/A | I24: FTX | J24: BBRICK | K24: BNB | M24: 100 | T24: 44568.915 | U24: 2022-01-07
A25: exchange | B25: OKEX | C25: Peertec | F25: KLAY | G25: 0x5006bc0d4fa0117e93d21aa663969fc6703a4319 | I25: OKEX | J25: Peertec | K25: KLAY | L25: KLAY | M25: 3336.2992 | S25: 0x24002ac340feb36276a502abea542d98a9609ebafe0e24950159e0ac6cc8c14c | T25: 44651.605 | U25: 2022-03-31
A26: exchange | B26: Huobi | C26: Peertec | F26: BTC | G26: 1MdatewJkKfSptYBaJvgEBFYCEbiCkELVt | I26: Huobi | J26: Peertec | K26: BTC | L26: BTC | M26: 9.999 | S26: c5bf3d207c6d5f31760dcf12de54d28fd2a0d624c102b7b73c83b61bfaff2857 | T26: 44232.79 | U26: 2021-02-05
A27: exchange | B27: FTX | C27: BBRICK | D27: Bithumb | E27: 7 | F27: USDT | G27: 0xCe17482d83FD53E2A921186Bd6ddd412610F7A1f | I27: FTX | J27: BBRICK | K27: USDT | M27: 50000 | T27: 44568.915 | U27: 2022-01-07
A28: exchange | B28: OKEX | C28: Peertec | F28: KLAY | G28: 0x5006bc0d4fa0117e93d21aa663969fc6703a4319 | I28: OKEX | J28: Peertec | K28: KLAY | L28: KLAY | M28: 368.88561 | S28: 0x6a685666a848cd04e240a06ea1777d5e080ebb5842dee373b93bf3b474c12a73 | T28: 44652.405 | U28: 2022-04-01
A29: Wallet | B29: Terra | C29: BBRICK | D29: 비브릭용_Terra_wallet | G29: terra174evzq0tnd0uvzkkrvg08n9geqpcsvdrychcm8 | I29: Terra | J29: BBRICK | K29: UST | L29: TERRA | M29: 41.79 | S29: 35A121273CA223DB68B0F4FE17B1D5F24C2F8E2726AD679E8C405072437CFF2E | T29: 44479.446 | U29: 2021-10-10
A30: exchange | B30: FTX | C30: BBRICK | D30: Bithumb | E30: 7 | F30: ETH | G30: 0x87b88FB60b6429DB66ADd58aB6C909A1C715E346 | I30: FTX | J30: BBRICK | K30: ETH | M30: 10 | T30: 44568.914 | U30: 2022-01-07
A31: exchange | B31: FTX | C31: BBRICK | D31: Bithumb | E31: 7 | F31: BTC | G31: 3LLRS688CkBg71m4qvEffbHh9sMQZfH5or | I31: FTX | J31: BBRICK | K31: BTC | L31: BTC | M31: 86.706938 | N31: 1MdatewJkKfSptYBaJvgEBFYCEbiCkELVt | P31: exchange | Q31: Huobi | R31: Peertec | S31: 637d7d46d77fb54bd69a8ba6da94ef3b1c68466c0b29793fb8d50975ee7d92ef | T31: 44565.849 | U31: 2022-01-04
A32: exchange | B32: FTX | C32: BBRICK | D32: Bithumb | E32: 7 | F32: BTC | G32: 3LLRS688CkBg71m4qvEffbHh9sMQZfH5or | I32: FTX | J32: BBRICK | K32: BTC | L32: BTC | M32: 287.12601 | S32: b4198e30f515922967c0a9df9f6b0b14567440424987a3755d674a771dd98cd9 | T32: 44564.588 | U32: 2022-01-03
A33: exchange | B33: FTX | C33: BBRICK | D33: Bithumb | E33: 7 | F33: SOL | G33: HFaX33KAtC9knovpb1xsMXfV971D8L4Qhf66XzozYGww | I33: FTX | J33: BBRICK | K33: SOL | L33: SOL | M33: 1392.35 | N33: SUZXwKfyPi8U4nMJNvT6b7WgDkaKmHvfVT9uE3yZYjx | P33: exchange | Q33: Binance | R33: BBRICK | S33: KP5Gtd4xFrbTZjBicdcA7XJKSJmJK3Sn6UuaSqEGrG9owYofemYFMKURxyF4TQ4N1Rj2GaCZ5x7Kmxerd3uTyvL | T33: 44561.458 | U33: 2021-12-31
A34: exchange | B34: FTX | C34: BBRICK | D34: Bithumb | E34: 7 | F34: ETH | G34: 0x87b88FB60b6429DB66ADd58aB6C909A1C715E346 | I34: FTX | J34: BBRICK | K34: ETH | L34: ETH | M34: 4452.9275 | N34: 0xdc5432c573a1d4874d305a5cd7e62aed2b0bc522 | S34: 0x9821f31820059106963ee5176058b34cc215dcf5626ee55e071459daa163edb4 | T34: 44553.44 | U34: 2021-12-23
A35: exchange | B35: FTX | C35: BBRICK | D35: Bithumb | E35: 7 | F35: SOL | G35: HFaX33KAtC9knovpb1xsMXfV971D8L4Qhf66XzozYGww | I35: FTX | J35: BBRICK | K35: SOL | L35: SOL | M35: 99.95 | S35: 55PepaBZVkNKhxr7J5v6asCQyZx4H3HDhwxnbG13uGb6aL7tHYjCS96dooa7hQvmBAgQqBXrmbiZS48HJsi9a9H7 | T35: 44552.626 | U35: 2021-12-22
A36: exchange | B36: FTX | C36: BBRICK | D36: Bithumb | E36: 7 | F36: USDC | G36: 0xCe17482d83FD53E2A921186Bd6ddd412610F7A1f | I36: FTX | J36: BBRICK | K36: USDC | L36: SOL | M36: 1000080.2 | N36: TJrPnAJbrzjfqKtGgQ24Yg7p4kaWg73wAT | P36: exchange | Q36: Huobi | R36: Peertec | S36: 5LSxtofmdBzu4PDm8iLjk1e581ELvLuEsubLkbB6QS76nD2FrfC5deNbsbBHmMFap2iYaCJgbNFNKNLsNtCHU65M | T36: 44544.258 | U36: 2021-12-14
A37: exchange | B37: FTX | C37: BBRICK | D37: Bithumb | E37: 7 | F37: USDC | G37: 0xCe17482d83FD53E2A921186Bd6ddd412610F7A1f | I37: FTX | J37: BBRICK | K37: USDC | L37: ERC20 | M37: 65705.852 | N37: 0x02074984dab902181b4263f52f6b5437f011b606 | S37: 0x02d0147820b62d8b8c6c88bd1d26148b213c4668b6555067860319a45f89f3e6 | T37: 44543.793 | U37: 2021-12-13
A38: exchange | B38: FTX | C38: BBRICK | D38: Bithumb | E38: 7 | F38: BTC | G38: 3LLRS688CkBg71m4qvEffbHh9sMQZfH5or | I38: FTX | J38: BBRICK | K38: BTC | L38: BTC | M38: 99.9995 | N38: 19SK9LWSXLdmwPxvjPgvUrdaPhaPS6LaNu | P38: exchange | Q38: Binance | R38: BBRICK | S38: b510d9ab76f2346381e33d15cf47fb333afd59f6e14d79bf1f253dfaebd24366 | T38: 44543.56 | U38: 2021-12-13
A39: exchange | B39: FTX | C39: BBRICK | D39: Bithumb | E39: 7 | F39: BUSD | G39: #N/A | I39: FTX | J39: BBRICK | K39: BUSD | L39: BSC | M39: 3000000.6 | N39: 0x8f27fa136ff4da1796368380019029d81d12d06d | S39: 0xa1cb6e9698097b30e8144569ada2cbf251c56002e1282d27b4938844b631da0c | T39: 44538.887 | U39: 2021-12-08
A40: exchange | B40: FTX | C40: BBRICK | D40: Bithumb | E40: 7 | F40: USD | G40: #N/A | I40: FTX | J40: BBRICK | K40: USD | M40: 42665.646 | T40: 44538.48 | U40: 2021-12-08
A41: exchange | B41: FTX | C41: BBRICK | D41: Bithumb | E41: 7 | F41: USD | G41: #N/A | I41: FTX | J41: BBRICK | K41: USD | M41: 35423.956 | T41: 44538.48 | U41: 2021-12-08
A42: exchange | B42: FTX | C42: BBRICK | D42: Bithumb | E42: 7 | F42: BTC | G42: 3LLRS688CkBg71m4qvEffbHh9sMQZfH5or | I42: FTX | J42: BBRICK | K42: BTC | L42: BTC | M42: 3.9996 | S42: c1817dc723aa57ecdda5d5072830efc40a18e4d88c0594184b74807b0db5437e | T42: 44512.532 | U42: 2021-11-12
A43: exchange | B43: FTX | C43: BBRICK | D43: Bithumb | E43: 7 | F43: USDC | G43: 0xCe17482d83FD53E2A921186Bd6ddd412610F7A1f | I43: FTX | J43: BBRICK | K43: USDC | L43: ERC20 | M43: 249985 | N43: 0x02074984dab902181b4263f52f6b5437f011b606 | S43: 0x3da0e1b16114ba3f83c73baeadb4da1c1bf4099ef81e605c294ea99c2fc167b3 | T43: 44511.45 | U43: 2021-11-11
A44: exchange | B44: FTX | C44: BBRICK | D44: Bithumb | E44: 7 | F44: USDC | G44: 0xCe17482d83FD53E2A921186Bd6ddd412610F7A1f | I44: FTX | J44: BBRICK | K44: USDC | L44: ERC20 | M44: 149985 | N44: 0x02074984dab902181b4263f52f6b5437f011b606 | S44: 0x7037e3b4293cef8d678a5b0df375a959a6e1d5282746bba8007005d00b9bcf30 | T44: 44510.512 | U44: 2021-11-10
A45: exchange | B45: FTX | C45: BBRICK | D45: Bithumb | E45: 7 | F45: HUSD | G45: #N/A | I45: FTX | J45: BBRICK | K45: HUSD | L45: ERC20 | M45: 48245.94 | N45: 0xe93381fb4c4f14bda253907b18fad305d799241a | S45: 0xc5f927fc0728b91d8dc43c19fd047b399d120407a37a73918cdfbc301071f8c4 | T45: 44510.5 | U45: 2021-11-10
A46: exchange | B46: FTX | C46: BBRICK | D46: Bithumb | E46: 7 | F46: USD | G46: #N/A | I46: FTX | J46: BBRICK | K46: USD | M46: 100000 | T46: 44510.31 | U46: 2021-11-10
A47: exchange | B47: FTX | C47: BBRICK | D47: Bithumb | E47: 7 | F47: BTC | G47: 3LLRS688CkBg71m4qvEffbHh9sMQZfH5or | I47: FTX | J47: BBRICK | K47: BTC | L47: BTC | M47: 2.9996 | S47: 92bc4e3ced963c5f2a6588e77c29cdff391e798932228fa5773bd431edd63454 | T47: 44500.032 | U47: 2021-10-31
A48: exchange | B48: FTX | C48: BBRICK | D48: Bithumb | E48: 7 | F48: USDC | G48: 0xCe17482d83FD53E2A921186Bd6ddd412610F7A1f | I48: FTX | J48: BBRICK | K48: USDC | L48: ERC20 | M48: 199985 | N48: 0x02074984dab902181b4263f52f6b5437f011b606 | S48: 0xd683eb20c005a99d185bfda482a7d354801cb25869aa89b8e9adf3137abadc5c | T48: 44496.586 | U48: 2021-10-27
A49: exchange | B49: FTX | C49: BBRICK | D49: Bithumb | E49: 7 | F49: USD | G49: #N/A | I49: FTX | J49: BBRICK | K49: USD | M49: 200000 | T49: 44495.773 | U49: 2021-10-26
A50: exchange | B50: OKEX | C50: Peertec | F50: KLAY | G50: 0x5006bc0d4fa0117e93d21aa663969fc6703a4319 | I50: OKEX | J50: Peertec | K50: KLAY | L50: KLAY | M50: 23331.3 | S50: 0x616eff126ce7cdeb4fce8cca81e2668fbc6d63948fbaca839797a74786e3899e | T50: 44653.445 | U50: 2022-04-02
A51: exchange | B51: FTX | C51: BBRICK | D51: Bithumb | E51: 7 | F51: USDC | G51: 0xCe17482d83FD53E2A921186Bd6ddd412610F7A1f | I51: FTX | J51: BBRICK | K51: USDC | L51: ERC20 | M51: 99985 | N51: 0x02074984dab902181b4263f52f6b5437f011b606 | S51: 0x5270ef74553c98907e839ae5b97a73f65a021f91fef42caa650183ba3685ccde | T51: 44492.553 | U51: 2021-10-23
A52: exchange | B52: OKEX | C52: Peertec | F52: KLAY | G52: 0x5006bc0d4fa0117e93d21aa663969fc6703a4319 | I52: OKEX | J52: Peertec | K52: KLAY | L52: KLAY | M52: 932.05704 | S52: 0x84cd52ecd117648c3c3f39aec62fe7b8a7ffb0ba4aeca05b993b66ba4e16c6a2 | T52: 44655.634 | U52: 2022-04-04
A53: exchange | B53: FTX | C53: BBRICK | D53: Bithumb | E53: 7 | F53: USDC | G53: 0xCe17482d83FD53E2A921186Bd6ddd412610F7A1f | I53: FTX | J53: BBRICK | K53: USDC | L53: ERC20 | M53: 99985 | N53: 0x02074984dab902181b4263f52f6b5437f011b606 | S53: 0x51ece379997710d5457e5c666b5a1289a0d81e6997fb9e75584bdb8f2d5b9818 | T53: 44488.47 | U53: 2021-10-19
A54: exchange | B54: FTX | C54: BBRICK | D54: Bithumb | E54: 7 | F54: USDC | G54: 0xCe17482d83FD53E2A921186Bd6ddd412610F7A1f | I54: FTX | J54: BBRICK | K54: USDC | L54: ERC20 | M54: 99985 | N54: 0x02074984dab902181b4263f52f6b5437f011b606 | S54: 0x45d2c038f3d67841ef40bcbc8e0ed62f9e00f57a92c8074da667ef74252fec50 | T54: 44487.628 | U54: 2021-10-18
A55: exchange | B55: FTX | C55: BBRICK | D55: Bithumb | E55: 7 | F55: USD | G55: #N/A | I55: FTX | J55: BBRICK | K55: USD | M55: 100000 | T55: 44486.488 | U55: 2021-10-17
A56: exchange | B56: FTX | C56: BBRICK | D56: Bithumb | E56: 7 | F56: SOL | G56: HFaX33KAtC9knovpb1xsMXfV971D8L4Qhf66XzozYGww | I56: FTX | J56: BBRICK | K56: SOL | L56: SOL | M56: 200 | S56: 5hp7exbKvZ5cdjufi6W6XMYhK5ozowJYdcHZ8jiokAqYF6GenBHvu4V3zvoGdE5UuXnaGoBKXk8pLNNuvwFZcJFy | T56: 44485.685 | U56: 2021-10-16
A57: exchange | B57: FTX | C57: BBRICK | D57: Bithumb | E57: 7 | F57: SOL | G57: HFaX33KAtC9knovpb1xsMXfV971D8L4Qhf66XzozYGww | I57: FTX | J57: BBRICK | K57: SOL | L57: SOL | M57: 5.2784618 | S57: Eh8jcCQSMKfWx6Xw8FePpRwMLxf4useJcnxjuiRXR8VLsPC5fbFyZxApxWm47ksqRJWSBeVyqDqXkVsM4ZBggEV | T57: 44484.586 | U57: 2021-10-15
A58: exchange | B58: Huobi | C58: Peertec | F58: ATOM | G58: cosmos1jjwh9rqudukx8r8duw226uc90g73spmze6mt3g | I58: Huobi | J58: Peertec | K58: ATOM | L58: ATOM | M58: 10 | S58: 2B8C6B92924225EB364BF5062B78D32568044957079778698743D07157CCCDD3 | T58: 44237.746 | U58: 2021-02-10
A59: exchange | B59: FTX | C59: BBRICK | D59: Bithumb | E59: 7 | F59: USDT | G59: 0xCe17482d83FD53E2A921186Bd6ddd412610F7A1f | I59: FTX | J59: BBRICK | K59: USDT | L59: TRX | M59: 149999 | P59: exchange | Q59: Binance | R59: BBRICK | S59: bc569e6a409cbdbbd602775654f2ab613a020ce5d02c0ccc069a6977165b4fb6 | T59: 44482.732 | U59: 2021-10-13
A60: exchange | B60: FTX | C60: BBRICK | D60: Bithumb | E60: 7 | F60: BTC | G60: 3LLRS688CkBg71m4qvEffbHh9sMQZfH5or | I60: FTX | J60: BBRICK | K60: BTC | L60: BTC | M60: 4.9995 | N60: 19SK9LWSXLdmwPxvjPgvUrdaPhaPS6LaNu | P60: exchange | Q60: Binance | R60: BBRICK | S60: a51fadca0cb50e6545470c0cd3cca8b6cc0788b4dfc7764d9afb8ec658c18a38 | T60: 44482.729 | U60: 2021-10-13
A61: exchange | B61: FTX | C61: BBRICK | D61: Bithumb | E61: 7 | F61: USDT | G61: 0xCe17482d83FD53E2A921186Bd6ddd412610F7A1f | I61: FTX | J61: BBRICK | K61: USDT | L61: ERC20 | M61: 725797.92 | N61: 0xafadc4302f07e9460eb4c31ec741c0f3e308ff3a | S61: 0x1c4245c133f949c2d4c368d53c131b24324c4d3b6538fb3cb5b7630c2cde0488 | T61: 44482.482 | U61: 2021-10-13
A62: exchange | B62: FTX | C62: BBRICK | D62: Bithumb | E62: 7 | F62: BTC | G62: 3LLRS688CkBg71m4qvEffbHh9sMQZfH5or | I62: FTX | J62: BBRICK | K62: BTC | M62: 7.313 | T62: 44474.637 | U62: 2021-10-05
A63: exchange | B63: FTX | C63: BBRICK | D63: Bithumb | E63: 7 | F63: USD | G63: #N/A | I63: FTX | J63: BBRICK | K63: USD | M63: 921546.07 | T63: 44438.815 | U63: 2021-08-30
A64: exchange | B64: FTX | C64: BBRICK | D64: Bithumb | E64: 7 | F64: ETH | G64: 0x87b88FB60b6429DB66ADd58aB6C909A1C715E346 | I64: FTX | J64: BBRICK | K64: ETH | M64: 320.71979 | T64: 44438.689 | U64: 2021-08-30
A65: exchange | B65: FTX | C65: BBRICK | D65: Bithumb | E65: 7 | F65: USD | G65: #N/A | I65: FTX | J65: BBRICK | K65: USD | M65: 1000000 | T65: 44438.675 | U65: 2021-08-30
A66: Wallet | B66: Terra | C66: BBRICK | D66: 비브릭용_Terra_wallet | G66: terra174evzq0tnd0uvzkkrvg08n9geqpcsvdrychcm8 | I66: Terra | J66: BBRICK | K66: Luna | L66: TERRA | M66: 79990.27 | N66: terra1ncjg4a59x2pgvqy9qjyqprlj8lrwshm0wleht5 | O66: 102585224 | P66: exchange | Q66: Binance | R66: BBRICK | S66: 9790B42B7A5217DD21D88868A69215E2C3C17E28326D28218C42B2D7B26D94F9 | T66: 44479.469 | U66: 2021-10-10
A67: exchange | B67: FTX | C67: BBRICK | D67: Bithumb | E67: 7 | F67: ETH | G67: 0x87b88FB60b6429DB66ADd58aB6C909A1C715E346 | I67: FTX | J67: BBRICK | K67: ETH | M67: 149.99133 | T67: 44438.675 | U67: 2021-08-30
A68: exchange | B68: FTX | C68: BBRICK | D68: Bithumb | E68: 7 | F68: TRX | G68: #N/A | I68: FTX | J68: BBRICK | K68: TRX | L68: TRX | M68: 1e-06 | S68: 3c3989da5443e75af2208a85ce814f5a4508c348b9521eab5808a5edbbc9fbdf | T68: 44433.215 | U68: 2021-08-25
A69: exchange | B69: FTX | C69: BBRICK | D69: Bithumb | E69: 7 | F69: USDT | G69: 0xCe17482d83FD53E2A921186Bd6ddd412610F7A1f | I69: FTX | J69: BBRICK | K69: USDT | L69: TRX | M69: 686645.65 | N69: 0xdb245cf0aec8bf5d4b3002d00f3e701e80ba380a | P69: exchange | Q69: Huobi | R69: Peertec | S69: 5fc9114e812f2673ab192ab5d1e60850a2983d73fbb96ab765602ed6c7b5e0c5 | T69: 44431.672 | U69: 2021-08-23
A70: exchange | B70: FTX | C70: BBRICK | D70: Bithumb | E70: 7 | F70: USDT | G70: 0xCe17482d83FD53E2A921186Bd6ddd412610F7A1f | I70: FTX | J70: BBRICK | K70: USDT | L70: TRX | M70: 999999 | N70: 0xdb245cf0aec8bf5d4b3002d00f3e701e80ba380a | P70: exchange | Q70: Huobi | R70: Peertec | S70: 272a9837d4ed51207e3591df9fcf2e1a8af26edf54bafd57d249f621c9e18ec7 | T70: 44431.671 | U70: 2021-08-23
A71: exchange | B71: FTX | C71: BBRICK | D71: Bithumb | E71: 7 | F71: USDT | G71: 0xCe17482d83FD53E2A921186Bd6ddd412610F7A1f | I71: FTX | J71: BBRICK | K71: USDT | L71: TRX | M71: 999999 | N71: 0xdb245cf0aec8bf5d4b3002d00f3e701e80ba380a | P71: exchange | Q71: Huobi | R71: Peertec | S71: 782a02548634a3f0eb1499b90091460eec28bd69956f99e492ba742f57da8193 | T71: 44431.671 | U71: 2021-08-23
A72: exchange | B72: FTX | C72: BBRICK | D72: Bithumb | E72: 7 | F72: USDT | G72: 0xCe17482d83FD53E2A921186Bd6ddd412610F7A1f | I72: FTX | J72: BBRICK | K72: USDT | L72: TRX | M72: 999999 | N72: 0xdb245cf0aec8bf5d4b3002d00f3e701e80ba380a | P72: exchange | Q72: Huobi | R72: Peertec | S72: f9a5573d18a81bf501f09a373c2bb2d186ad68bf7f1d681363c567aa230eb8bc | T72: 44431.671 | U72: 2021-08-23
A73: exchange | B73: FTX | C73: BBRICK | D73: Bithumb | E73: 7 | F73: USDT | G73: 0xCe17482d83FD53E2A921186Bd6ddd412610F7A1f | I73: FTX | J73: BBRICK | K73: USDT | M73: 5564.5448 | T73: 44392.573 | U73: 2021-07-15
A74: exchange | B74: OKEX | C74: Peertec | F74: KLAY | G74: 0x5006bc0d4fa0117e93d21aa663969fc6703a4319 | I74: OKEX | J74: Peertec | K74: KLAY | L74: KLAY | M74: 1384.0914 | S74: 0x0501bbc6cc2a6151a02ed16ed71f98597df7f63ebe2ab801c27fb469a1831edb | T74: 44658.404 | U74: 2022-04-07
A75: exchange | B75: FTX | C75: BBRICK | D75: Bithumb | E75: 7 | F75: BTC | G75: 3LLRS688CkBg71m4qvEffbHh9sMQZfH5or | I75: FTX | J75: BBRICK | K75: BTC | L75: BTC | M75: 30 | S75: 723f086da53f3f1a94b7ea7c8479bdbf5a1390a38d55aa946fb3fbb194577d7f | T75: 44392.444 | U75: 2021-07-15
A76: exchange | B76: FTX | C76: BBRICK | D76: Bithumb | E76: 7 | F76: BTC | G76: 3LLRS688CkBg71m4qvEffbHh9sMQZfH5or | I76: FTX | J76: BBRICK | K76: BTC | L76: BTC | M76: 24.86 | S76: 1eed82b9ca8c945bc9ce3938ffaca5481471626ebf417d82ca89be7407715e5c | T76: 44392.443 | U76: 2021-07-15
A77: exchange | B77: FTX | C77: BBRICK | D77: Bithumb | E77: 7 | F77: BTC | G77: 3LLRS688CkBg71m4qvEffbHh9sMQZfH5or | I77: FTX | J77: BBRICK | K77: BTC | L77: BTC | M77: 14.7 | S77: 05a36a0959b4bd514a314dbbdbef47f2758a625051660ab768ed4be37e97c455 | T77: 44392.434 | U77: 2021-07-15
A78: exchange | B78: FTX | C78: BBRICK | D78: Bithumb | E78: 7 | F78: BTC | G78: 3LLRS688CkBg71m4qvEffbHh9sMQZfH5or | I78: FTX | J78: BBRICK | K78: BTC | M78: 2.7115742 | T78: 44340.689 | U78: 2021-05-24
A79: Wallet | B79: Terra | C79: BBRICK | D79: 지닥용_Terra_wallet | G79: terra1j4u9e5n8xu9c9jykny8uqw6lde6843qczzwd0x | I79: Terra | J79: BBRICK | K79: Luna | L79: TERRA | M79: 1 | N79: terra174evzq0tnd0uvzkkrvg08n9geqpcsvdrychcm8 | P79: Wallet | Q79: Terra | R79: BBRICK | S79: 0359E417460E3C28511E244E36EBA1AC295396722387619A618F790BEC850A31 | T79: 44623.462 | U79: 2022-03-03
A80: Wallet | B80: Terra | C80: BBRICK | D80: 지닥용_Terra_wallet | G80: terra1j4u9e5n8xu9c9jykny8uqw6lde6843qczzwd0x | I80: Terra | J80: BBRICK | K80: UST | L80: TERRA | M80: 3 | N80: terra174evzq0tnd0uvzkkrvg08n9geqpcsvdrychcm8 | P80: Wallet | Q80: Terra | R80: BBRICK | S80: F596C6CB51C7171A9E55366B7F8B966131AF51F0F8E2B1A7AFC7425B94644974 | T80: 44623.468 | U80: 2022-03-03
A81: exchange | B81: FTX | C81: BBRICK | D81: Bithumb | E81: 7 | F81: BTC | G81: 3LLRS688CkBg71m4qvEffbHh9sMQZfH5or | I81: FTX | J81: BBRICK | K81: BTC | L81: BTC | M81: 25 | S81: 7e6d2e6ed45c08721706dad8badf1e08c708a5e50f094862e3a4e550b9562497 | T81: 44335.412 | U81: 2021-05-19
A82: exchange | B82: FTX | C82: BBRICK | D82: Bithumb | E82: 7 | F82: BTC | G82: 3LLRS688CkBg71m4qvEffbHh9sMQZfH5or | I82: FTX | J82: BBRICK | K82: BTC | L82: BTC | M82: 17 | S82: 76837738229516e036193677e9ba5767b23ca00a5c57c9dc91957ccbfc44d28c | T82: 44318.383 | U82: 2021-05-02
A83: exchange | B83: OKEX | C83: Peertec | F83: USDC | G83: TMcMtgM9VMkMNdehmyC3Ls8ZPWwgxgJ8pA | I83: OKEX | J83: Peertec | K83: USDC | L83: POLYGON | M83: 5606.7861 | S83: 0x8af7a71d22e9a10cc8714762106167e67c4a159b3d3950afcf7d40d3b701b240 | T83: 44659.679 | U83: 2022-04-08
A84: exchange | B84: FTX | C84: BBRICK | D84: Bithumb | E84: 7 | F84: BTC | G84: 3LLRS688CkBg71m4qvEffbHh9sMQZfH5or | I84: FTX | J84: BBRICK | K84: BTC | M84: 10 | T84: 44255.629 | U84: 2021-02-28
A85: Wallet | B85: Terra | C85: BBRICK | D85: 지닥용_Terra_wallet | G85: terra1j4u9e5n8xu9c9jykny8uqw6lde6843qczzwd0x | I85: Terra | J85: BBRICK | K85: UST | L85: TERRA | M85: 736.49 | S85: 04ED688FE378CA5D0F97B286C56803EBE0F0BEC5741F74FFBF6FEF74D5532074 | T85: 44628.684 | U85: 2022-03-08
A86: Wallet | B86: Terra | C86: BBRICK | D86: 비브릭용_Terra_wallet | G86: terra174evzq0tnd0uvzkkrvg08n9geqpcsvdrychcm8 | I86: Terra | J86: BBRICK | K86: UST | L86: TERRA | M86: 402.9 | S86: 657B66D15F9FBE294565E7A1B9D8893E8CB276284530423A21DFD4AAC18BABCA | T86: 44481.509 | U86: 2021-10-12
A87: exchange | B87: FTX | C87: BBRICK | D87: Bithumb | E87: 7 | F87: BTC | G87: 3LLRS688CkBg71m4qvEffbHh9sMQZfH5or | I87: FTX | J87: BBRICK | K87: BTC | L87: BTC | M87: 1.0479 | S87: e011c7c8edd88701fd7e842f181d29277e2cb88cdf8a31ac9d8021ee0c7c24bd | T87: 44252.801 | U87: 2021-02-25
A88: Wallet | B88: Terra | C88: BBRICK | D88: 지닥용_Terra_wallet | G88: terra1j4u9e5n8xu9c9jykny8uqw6lde6843qczzwd0x | I88: Terra | J88: BBRICK | K88: UST | L88: TERRA | M88: 547808.18 | S88: 90F64DCBAFEBBB0A1B1F502D461EB21CA8CA7E823B2E0D922033E070FD5D0846 | T88: 44636.48 | U88: 2022-03-16
A89: Wallet | B89: Terra | C89: BBRICK | D89: 지닥용_Terra_wallet | G89: terra1j4u9e5n8xu9c9jykny8uqw6lde6843qczzwd0x | I89: Terra | J89: BBRICK | K89: UST | L89: TERRA | M89: 328744.46 | S89: BB2ABF133D5D1B0E9CEFDACEA58BCCD8D492C029233DAD99331D6FE8CB49BFDF | T89: 44636.502 | U89: 2022-03-16
A90: Wallet | B90: Terra | C90: BBRICK | D90: 지닥용_Terra_wallet | G90: terra1j4u9e5n8xu9c9jykny8uqw6lde6843qczzwd0x | I90: Terra | J90: BBRICK | K90: UST | L90: TERRA | M90: 23698.8 | N90: terra1ncjg4a59x2pgvqy9qjyqprlj8lrwshm0wleht5 | O90: 102585224 | P90: exchange | Q90: Binance | R90: BBRICK | S90: BC51281A9A0A64D2B9B7FF7E93BEA8145DAF21237ECF411E30AA36FE36BFBBD2 | T90: 44636.651 | U90: 2022-03-16
A91: Wallet | B91: Terra | C91: BBRICK | D91: 지닥용_Terra_wallet | G91: terra1j4u9e5n8xu9c9jykny8uqw6lde6843qczzwd0x | I91: Terra | J91: BBRICK | K91: UST | L91: TERRA | M91: 933.8 | N91: terra1ncjg4a59x2pgvqy9qjyqprlj8lrwshm0wleht5 | O91: 102585224 | P91: exchange | Q91: Binance | R91: BBRICK | S91: 3B0D6904527F73C97E18134EE210A0954822CE838E1258DFC35AD2C8055F2FC0 | T91: 44636.703 | U91: 2022-03-16
A92: exchange | B92: FTX | C92: BBRICK | D92: Bithumb | E92: 7 | F92: BTC | G92: 3LLRS688CkBg71m4qvEffbHh9sMQZfH5or | I92: FTX | J92: BBRICK | K92: BTC | L92: BTC | M92: 5 | S92: 5b1cca3953c1f5c679f159b83d80110b5c2313d1b555f442f8b67da638582f98 | T92: 44250.898 | U92: 2021-02-23
A93: exchange | B93: FTX | C93: BBRICK | D93: Bithumb | E93: 7 | F93: BTC | G93: 3LLRS688CkBg71m4qvEffbHh9sMQZfH5or | I93: FTX | J93: BBRICK | K93: BTC | L93: BTC | M93: 3 | S93: c493091a8850169de6bb7410156621a00d3ac63a29edaeb094c99fcde9e204db | T93: 44250.757 | U93: 2021-02-23
A94: Wallet | B94: Terra | C94: BBRICK | D94: 지닥용_Terra_wallet | G94: terra1j4u9e5n8xu9c9jykny8uqw6lde6843qczzwd0x | I94: Terra | J94: BBRICK | K94: Luna | L94: TERRA | M94: 13.36 | S94: C3CCC777E1682CFBAE5C5AA385DA9D24A10D71744D642D1DCD97A1AE3CC59F15 | T94: 44637.43 | U94: 2022-03-17
A95: exchange | B95: FTX | C95: BBRICK | D95: Bithumb | E95: 7 | F95: BTC | G95: 3LLRS688CkBg71m4qvEffbHh9sMQZfH5or | I95: FTX | J95: BBRICK | K95: BTC | L95: BTC | M95: 2 | S95: 5e66ecdbec7d67bfb6ed52332e5091a7017ac47b2131a3372196816efacd6833 | T95: 44250.629 | U95: 2021-02-23
A96: exchange | B96: FTX | C96: BBRICK | D96: Bithumb | E96: 7 | F96: BTC | G96: 3LLRS688CkBg71m4qvEffbHh9sMQZfH5or | I96: FTX | J96: BBRICK | K96: BTC | M96: 8 | T96: 44250.479 | U96: 2021-02-23
A97: exchange | B97: FTX | C97: BBRICK | D97: Bithumb | E97: 7 | F97: BTC | G97: 3LLRS688CkBg71m4qvEffbHh9sMQZfH5or | I97: FTX | J97: BBRICK | K97: BTC | L97: BTC | M97: 5.47e-06 | S97: c6ea117ebf1c2872544e554a215a5946d5b3b968316f9e1fc8a30744afeafef1 | T97: 44244.403 | U97: 2021-02-17
A98: exchange | B98: FTX | C98: BBRICK | D98: Bithumb | E98: 7 | F98: BTC | G98: 3LLRS688CkBg71m4qvEffbHh9sMQZfH5or | I98: FTX | J98: BBRICK | K98: BTC | L98: BTC | M98: 11.779951 | S98: 8bf2a631dfa0b954b81cc62bbbfa2121bc605a94637daf9989e4f73f6a57b6b8 | T98: 44233.73 | U98: 2021-02-06
A99: exchange | B99: FTX | C99: BBRICK | D99: Bithumb | E99: 7 | F99: BTC | G99: 3LLRS688CkBg71m4qvEffbHh9sMQZfH5or | I99: FTX | J99: BBRICK | K99: BTC | L99: BTC | M99: 4.4 | S99: 666e874456195e187831782e4d1050518287388d847699da92b17827ad9c20ac | T99: 44231.577 | U99: 2021-02-04
A100: exchange | B100: Huobi | C100: Peertec | F100: ATOM | G100: cosmos1jjwh9rqudukx8r8duw226uc90g73spmze6mt3g | I100: Huobi | J100: Peertec | K100: ATOM | L100: ATOM | M100: 15000 | S100: FCDB2B2BE663ABD1AD7773A24AD18B884D185B3DD028FD956195EFE4360D4618 | T100: 44240.69 | U100: 2021-02-13
...

Sheet 출금
A1: account type | B1: name | C1: ownership | D1: subname | E1: api id | F1: coin | G1: address | H1: tag | I1: from | J1: Withdrawal_ownership | K1: Withdrawal_coin | L1: network | M1: quantity | N1: to | O1: to_tag | P1: to_account type | Q1: to_name | R1: to_ownership | S1: txid | T1: time | U1: Date
A2: exchange | B2: Binance | C2: 용범 | D2: Main | E2: 2 | F2: XLM | G2: GAHK7EEG2WWHVKDNT4CEQFZGKF2LGDSW2IVM4S5DP42RBW3K6BTODB4A | H2: 503825579 | I2: binance | J2: 용범 | K2: XLM | L2: XLM | M2: 60021.98 | N2: GAJWYT5AIFS6LRUIDXGII4THBSW6DI3WLTULCDK63QN43L7DTSNENUNS | O2: bc6bdca3b4b911ec | P2: exchange | Q2: GDAC | R2: Peertec | S2: 2aecd02c884fcccafdb00e8cb96cc79a85f03751377cbadbeee41bab90116c4f | T2: 44695.72 | U2: 2022-05-14
A3: exchange | B3: FTX | C3: BBRICK | D3: B-Brick | E3: 8 | F3: ETH | G3: 0xBA7600fa3507c8f357C6206B645385D7e4723895 | I3: FTX | J3: BBRICK | K3: ETH | M3: 0.116261 | O3: 1061941801 | T3: 44650.008 | U3: 2022-03-30
A4: exchange | B4: FTX | C4: BBRICK | D4: B-Brick | E4: 8 | F4: USDC | G4: 0xAa149A5172c5f27a8a259001AD3d62B2166Ae851 | I4: FTX | J4: BBRICK | K4: USDC | L4: ERC20 | M4: 20637800 | N4: 0x8F27fa136Ff4Da1796368380019029d81d12D06D | P4: exchange | Q4: FTX | R4: Peertec | S4: 0x678938cb0fd14d1d1db716011a6490ae1801842793db5c515226e9be538652cd | T4: 44631.757 | U4: 2022-03-11
A5: exchange | B5: FTX | C5: BBRICK | D5: B-Brick | E5: 8 | F5: ETH | G5: 0xBA7600fa3507c8f357C6206B645385D7e4723895 | I5: FTX | J5: BBRICK | K5: ETH | L5: ETH | M5: 6090 | N5: 0xbA85793220727e998fec66Dd8f6e68eCC8790696 | S5: 0x97352722e62785716ecb93af3b2f5734bad20241cc7478a940544ea6fa0ce010 | T5: 44631.612 | U5: 2022-03-11
A6: Wallet | B6: Terra | C6: BBRICK | D6: 지닥용_Terra_wallet | G6: terra1j4u9e5n8xu9c9jykny8uqw6lde6843qczzwd0x | I6: 지닥용 테라 지갑 | J6: BBRICK | K6: UST | L6: Terra | M6: 70 | N6: terra1luagdjcr9c9yvp3ak4d7chjm5gldcmgln5rku5 | O6: 823031602 | P6: exchange | Q6: FTX | R6: Peertec | S6: 6D166E8B5EC60C73BDF1D6A10A603205CFDC8FDD1E23C5B5520498ACDFEC962C | T6: 44695.395 | U6: 2022-05-14
A7: exchange | B7: Binance | C7: 용범 | D7: Main | E7: 2 | F7: XLM | G7: GAHK7EEG2WWHVKDNT4CEQFZGKF2LGDSW2IVM4S5DP42RBW3K6BTODB4A | H7: 503825579 | I7: binance | J7: 용범 | K7: XLM | L7: XLM | M7: 72794.98 | N7: GAHK7EEG2WWHVKDNT4CEQFZGKF2LGDSW2IVM4S5DP42RBW3K6BTODB4A | O7: 1061941801 | P7: exchange | Q7: Binance | R7: BBRICK | S7: Internal transfer 106561603995 | T7: 44695.378 | U7: 2022-05-14
A8: exchange | B8: Binance | C8: 용범 | D8: Main | E8: 2 | F8: UST | G8: terra1ncjg4a59x2pgvqy9qjyqprlj8lrwshm0wleht5 | H8: 104455866 | I8: binance | J8: 용범 | K8: UST | L8: LUNA | M8: 243954.32 | N8: terra1s7gxam60m650w29s64ckqrw902c9nshgeu3zm8 | P8: Wallet | Q8: Terra | R8: 권용진 | S8: 8D6B947C30CBA2E9756E217D8FA8F51E9588E758D9E7B654A88B5FEDDC789F3D | T8: 44686.229 | U8: 2022-05-05
A9: exchange | B9: Binance | C9: 용범 | D9: Main | E9: 2 | F9: BTC | G9: 1MoyhGNqvJj5SmrSFWgqyY5jJ7JXMrVaib | I9: binance | J9: 용범 | K9: BTC | L9: BTC | M9: 6 | N9: 374LRSWxDhVMJGYVdvawesWpuHxR6toVaG | P9: exchange | Q9: Upbit | R9: 용범 | S9: 8e94574d292f63e82bc390dfe925eaa23a967a2eab028f5013cce5be99497ef2 | T9: 44677.758 | U9: 2022-04-26
A10: exchange | B10: Binance | C10: 용범 | D10: Main | E10: 2 | F10: BTC | G10: 1MoyhGNqvJj5SmrSFWgqyY5jJ7JXMrVaib | I10: binance | J10: 용범 | K10: BTC | L10: BTC | M10: 1 | N10: 374LRSWxDhVMJGYVdvawesWpuHxR6toVaG | P10: exchange | Q10: Upbit | R10: 용범 | S10: 2701dd628bae8b6d15c73fce5061a6d2eba6343e521420a13e87acbd9dc894ed | T10: 44668.541 | U10: 2022-04-17
A11: exchange | B11: FTX | C11: BBRICK | D11: B-Brick | E11: 8 | F11: USDC | G11: 0xAa149A5172c5f27a8a259001AD3d62B2166Ae851 | I11: FTX | J11: BBRICK | K11: USDC | L11: ERC20 | M11: 8491329 | N11: 0x81251D5047F57Bb6158D39B72aE1bf92FaF26261 | P11: Wallet | Q11: Metamask | R11: Peertec | S11: 0xeb2ed09521fa37e99485f2488bebb8d33c30bf1b780141680378ca6fc56f9c26 | T11: 44628.642 | U11: 2022-03-08
A12: exchange | B12: OKEX | C12: Peertec | F12: USDT | G12: 0x5006bc0d4fa0117e93d21aa663969fc6703a4319 | I12: OKEX | J12: Peertec | K12: USDT | L12: TRON | M12: 164368.5 | N12: TKt8ayzQe4UgGrh3ezSBncjsdbMAgH7QWc | P12: exchange | Q12: Binance | R12: BBRICK | S12: 876184d5147cd304819d17a51fc18e33db0657f5599f741955b471e6c429eac0 | T12: 44694.7 | U12: 2022-05-13
A13: exchange | B13: Binance | C13: 용범 | D13: Main | E13: 2 | F13: XRP | G13: #N/A | I13: binance | J13: 용범 | K13: XRP | L13: XRP | M13: 79999.5 | N13: raQwCVAJVqjrVm1Nj5SFRcX8i22BhdC9WA | O13: 2928323236 | P13: exchange | Q13: Upbit | R13: 용범 | S13: 5E04019A261D0EE0C987D175FBF66AA502368752C525B17BDC3471755DF80C6A | T13: 44658.385 | U13: 2022-04-07
A14: exchange | B14: Binance | C14: 용범 | D14: Main | E14: 2 | F14: XRP | G14: #N/A | I14: binance | J14: 용범 | K14: XRP | L14: XRP | M14: 2000.5 | N14: raQwCVAJVqjrVm1Nj5SFRcX8i22BhdC9WA | O14: 2928323236 | P14: exchange | Q14: Upbit | R14: 용범 | S14: FCB169447A1AB867DF7B4037B933712C74EA1801DA2DC20ECAB8A3D7322B9677 | T14: 44650.717 | U14: 2022-03-30
A15: exchange | B15: FTX | C15: BBRICK | D15: B-Brick | E15: 8 | F15: ETH | G15: 0xBA7600fa3507c8f357C6206B645385D7e4723895 | I15: FTX | J15: BBRICK | K15: ETH | L15: ETH | M15: 500 | N15: 0x5d6fcf22aa4e4ff8da0abe329392e7c5306d22f3 | O15: 2928323236 | S15: 0x9d4a55758a5e08d32d9183ef3efd73796158b2381758b07590c9e60745d2cdb0 | T15: 44616.55 | U15: 2022-02-24
A16: exchange | B16: Binance | C16: 용범 | D16: Main | E16: 2 | F16: XRP | G16: #N/A | I16: binance | J16: 용범 | K16: XRP | L16: XRP | M16: 125.15 | N16: raQwCVAJVqjrVm1Nj5SFRcX8i22BhdC9WA | O16: 2928323236 | P16: exchange | Q16: Upbit | R16: 용범 | S16: FBA64372A02B89D79635A30ED10691E51B70806508C03EE2A380C19FA2C368A3 | T16: 44650.647 | U16: 2022-03-30
A17: exchange | B17: Binance | C17: BBRICK | D17: Main | E17: 10012 | F17: XLM | G17: GAHK7EEG2WWHVKDNT4CEQFZGKF2LGDSW2IVM4S5DP42RBW3K6BTODB4A | H17: 1061941801 | I17: Binance | J17: BBRICK | K17: XLM | L17: XLM | M17: 199295 | N17: GAJWYT5AIFS6LRUIDXGII4THBSW6DI3WLTULCDK63QN43L7DTSNENUNS | O17: bc6bdca3b4b911ec | P17: exchange | Q17: GDAC | R17: Peertec | S17: 33cd8cbf9172d2ceca291d0d9522369887edf18768d8311357d587834a1e66de | T17: 44695.391 | U17: 2022-05-14
A18: exchange | B18: FTX | C18: BBRICK | D18: B-Brick | E18: 8 | F18: SOL | G18: 4WALSVwxUyuXkxFqSwcweEgh2ddYjYoaFw3yUw3GMDPK | I18: FTX | J18: BBRICK | K18: SOL | M18: 1496.579 | T18: 44579.468 | U18: 2022-01-18
A19: exchange | B19: FTX | C19: BBRICK | D19: B-Brick | E19: 8 | F19: SOL | G19: 4WALSVwxUyuXkxFqSwcweEgh2ddYjYoaFw3yUw3GMDPK | I19: FTX | J19: BBRICK | K19: SOL | L19: SOL | M19: 1 | N19: SUZXwKfyPi8U4nMJNvT6b7WgDkaKmHvfVT9uE3yZYjx | P19: exchange | Q19: Binance | R19: BBRICK | S19: 3ptXchY1pEJAFuAQmo7uc4CkHd36Zf1xbnUM4E2FX6QNsSmFn1rwAWgtiQESRvsvnPgnnoy12KXtj9W63b7uZMz | T19: 44579.449 | U19: 2022-01-18
A20: exchange | B20: FTX | C20: BBRICK | D20: B-Brick | E20: 8 | F20: SOL | G20: 4WALSVwxUyuXkxFqSwcweEgh2ddYjYoaFw3yUw3GMDPK | I20: FTX | J20: BBRICK | K20: SOL | M20: 1497.579 | T20: 44578.655 | U20: 2022-01-17
A21: exchange | B21: FTX | C21: BBRICK | D21: B-Brick | E21: 8 | F21: SOL | G21: 4WALSVwxUyuXkxFqSwcweEgh2ddYjYoaFw3yUw3GMDPK | I21: FTX | J21: BBRICK | K21: SOL | M21: 1497.579 | T21: 44564.571 | U21: 2022-01-03
A22: exchange | B22: Binance | C22: BBRICK | D22: Main | E22: 10012 | F22: USDT | I22: Binance | J22: BBRICK | K22: USDT | L22: BSC | M22: 929.96019 | N22: 0x8dbe9c44a42050da44f075149c1ff49b18bcaf3f | P22: exchange | Q22: Binance | R22: 용범 | S22: Internal transfer 106502665267 | T22: 44694.993 | U22: 2022-05-13
A23: exchange | B23: Binance | C23: BBRICK | D23: Main | E23: 10012 | F23: USDT | I23: Binance | J23: BBRICK | K23: USDT | L23: BSC | M23: 425560.42 | N23: 0x8dbe9c44a42050da44f075149c1ff49b18bcaf3f | P23: exchange | Q23: Binance | R23: 용범 | S23: Internal transfer 106485937900 | T23: 44694.9 | U23: 2022-05-13
A24: exchange | B24: FTX | C24: BBRICK | D24: B-Brick | E24: 8 | F24: USDC | G24: 0xAa149A5172c5f27a8a259001AD3d62B2166Ae851 | I24: FTX | J24: BBRICK | K24: USDC | M24: 1222198 | T24: 44579.468 | U24: 2022-01-18
A25: exchange | B25: Binance | C25: BBRICK | D25: Main | E25: 10012 | F25: BNB | I25: Binance | J25: BBRICK | K25: BNB | L25: BSC | M25: 19.316237 | N25: 0x8dbe9c44a42050da44f075149c1ff49b18bcaf3f | P25: exchange | Q25: Binance | R25: 용범 | S25: Internal transfer 106450526173 | T25: 44694.661 | U25: 2022-05-13
A26: exchange | B26: FTX | C26: BBRICK | D26: B-Brick | E26: 8 | F26: USDC | G26: 0xAa149A5172c5f27a8a259001AD3d62B2166Ae851 | I26: FTX | J26: BBRICK | K26: USDC | M26: 1512134 | T26: 44578.655 | U26: 2022-01-17
A27: Wallet | B27: Terra | C27: BBRICK | D27: 비브릭용_Terra_wallet | G27: terra174evzq0tnd0uvzkkrvg08n9geqpcsvdrychcm8 | I27: 비브릭 테라 | J27: BBRICK | K27: UST | L27: Terra | M27: 8838617 | N27: terra1luagdjcr9c9yvp3ak4d7chjm5gldcmgln5rku5 | O27: 2482774378 | P27: exchange | Q27: FTX | R27: 권용진 | S27: AD1CABD4855104EE090261477D20292F9CDA81C1E5C1B6B8829657E9BDBB6B8E | T27: 44693.503 | U27: 2022-05-12
A28: Wallet | B28: Terra | C28: BBRICK | D28: 비브릭용_Terra_wallet | G28: terra174evzq0tnd0uvzkkrvg08n9geqpcsvdrychcm8 | I28: 비브릭 테라 | J28: BBRICK | K28: UST | L28: Terra | M28: 9000000 | N28: terra1luagdjcr9c9yvp3ak4d7chjm5gldcmgln5rku5 | O28: 2482774378 | P28: exchange | Q28: FTX | R28: 권용진 | S28: D98B889BD99CD46A9C9B058F3A3077653B70D172C577CCC9156C65FE868C583D | T28: 44693.471 | U28: 2022-05-12
A29: Wallet | B29: Terra | C29: BBRICK | D29: 비브릭용_Terra_wallet | G29: terra174evzq0tnd0uvzkkrvg08n9geqpcsvdrychcm8 | I29: 비브릭 테라 | J29: BBRICK | K29: UST | L29: Terra | M29: 1000000 | N29: terra1luagdjcr9c9yvp3ak4d7chjm5gldcmgln5rku5 | O29: 2482774378 | P29: exchange | Q29: FTX | R29: 권용진 | S29: 341CACAA713093B1F3A32894CD65AC2438DA06188085AD21F737E7FE9BA3358D | T29: 44693.463 | U29: 2022-05-12
A30: exchange | B30: OKEX | C30: Peertec | F30: KLAY | G30: 0x5006bc0d4fa0117e93d21aa663969fc6703a4319 | H30: 183316 | I30: OKEX | J30: Peertec | K30: KLAY | L30: KLAY | M30: 438237.26 | N30: 0x81251D5047F57Bb6158D39B72aE1bf92FaF26261 | P30: Wallet | Q30: Metamask | R30: Peertec | S30: 0x0d94918a52eaa0e0245590ed1e97451502fdce51700d7e62e9ba5bdf064b7f88 | T30: 44693.455 | U30: 2022-05-12
A31: exchange | B31: OKEX | C31: Peertec | F31: ETH | I31: OKEX | J31: Peertec | K31: ETH | L31: ETH | M31: 66.467999 | N31: 0x65f50dbae9d1d1f494df5c412a2b2841cf8e0a07 | P31: exchange | Q31: GDAC | R31: Peertec | S31: 0xa2746764eb1ca642262acb7f92963a67a9df3236b9935fad2108efaa2c3be53f | T31: 44693.418 | U31: 2022-05-12
A32: exchange | B32: Binance | C32: BBRICK | D32: Main | E32: 10012 | F32: BTC | G32: 19SK9LWSXLdmwPxvjPgvUrdaPhaPS6LaNu | I32: Binance | J32: BBRICK | K32: BTC | L32: BSC | M32: 64.216287 | N32: 0x8dbe9c44a42050da44f075149c1ff49b18bcaf3f | P32: exchange | Q32: Binance | R32: 용범 | S32: Internal transfer 106450334657 | T32: 44694.66 | U32: 2022-05-13
A33: exchange | B33: FTX | C33: BBRICK | D33: B-Brick | E33: 8 | F33: USDC | G33: 0xAa149A5172c5f27a8a259001AD3d62B2166Ae851 | I33: FTX | J33: BBRICK | K33: USDC | M33: 1463218 | T33: 44564.571 | U33: 2022-01-03
A34: exchange | B34: OKEX | C34: Peertec | F34: ETH | I34: OKEX | J34: Peertec | K34: ETH | L34: ETH | M34: 40.663 | N34: 0x65f50dbae9d1d1f494df5c412a2b2841cf8e0a07 | P34: exchange | Q34: GDAC | R34: Peertec | S34: 0xe0add4b1a828fa83aae85a62ce7027968aca5dcd8b92dc83d287b06f8e7343fc | T34: 44692.489 | U34: 2022-05-11
A35: Wallet | B35: Terra | C35: BBRICK | D35: 비브릭용_Terra_wallet | G35: terra174evzq0tnd0uvzkkrvg08n9geqpcsvdrychcm8 | I35: 비브릭 테라 | J35: BBRICK | K35: UST | L35: Terra | M35: 8000000 | N35: terra1luagdjcr9c9yvp3ak4d7chjm5gldcmgln5rku5 | O35: 1273090217 | P35: exchange | Q35: FTX | R35: BBRICK | S35: 8EA245015E46B6F751C0411C1B3AB6A77F7E3F35325A99C929333D041533DADC | T35: 44692.452 | U35: 2022-05-11
A36: Wallet | B36: Terra | C36: BBRICK | D36: 비브릭용_Terra_wallet | G36: terra174evzq0tnd0uvzkkrvg08n9geqpcsvdrychcm8 | I36: 비브릭 테라 | J36: BBRICK | K36: UST | L36: Terra | M36: 1137480 | N36: terra1s7gxam60m650w29s64ckqrw902c9nshgeu3zm8 | P36: Wallet | Q36: Terra | R36: 권용진 | S36: 4E74D03628C0EB809E4D9B8AEBB958BECE89C60532EBD99C2E3C97F485FE4B8E | T36: 44691.744 | U36: 2022-05-10
A37: Wallet | B37: Terra | C37: BBRICK | D37: 지닥용_Terra_wallet | G37: terra1j4u9e5n8xu9c9jykny8uqw6lde6843qczzwd0x | I37: 지닥용 테라 지갑 | J37: BBRICK | K37: UST | L37: Terra | M37: 93800 | N37: terra1luagdjcr9c9yvp3ak4d7chjm5gldcmgln5rku5 | O37: 823031602 | P37: exchange | Q37: FTX | R37: Peertec | S37: BFBB17729562505EF538A8D72DFE6B5DC638AB69A7C8A49EE068B7FFF79E2305 | T37: 44691.677 | U37: 2022-05-10
A38: exchange | B38: FTX | C38: BBRICK | D38: B-Brick | E38: 8 | F38: USDC | G38: 0xAa149A5172c5f27a8a259001AD3d62B2166Ae851 | I38: FTX | J38: BBRICK | K38: USDC | M38: 214064.3 | T38: 44178.764 | U38: 2020-12-13
A39: Wallet | B39: Terra | C39: BBRICK | D39: 비브릭용_Terra_wallet | G39: terra174evzq0tnd0uvzkkrvg08n9geqpcsvdrychcm8 | I39: 비브릭 테라 | J39: BBRICK | K39: UST | L39: Terra | M39: 5000000 | N39: terra1luagdjcr9c9yvp3ak4d7chjm5gldcmgln5rku5 | O39: 1273090217 | P39: exchange | Q39: FTX | R39: BBRICK | S39: 23EED29AA4B6DACB66F3E4AEB58F995A0DD7D03EA3D71215BF19C47A11BE7F16 | T39: 44691.52 | U39: 2022-05-10
A40: exchange | B40: Binance | C40: BBRICK | D40: Main | E40: 10012 | F40: BTC | G40: 19SK9LWSXLdmwPxvjPgvUrdaPhaPS6LaNu | I40: Binance | J40: BBRICK | K40: BTC | L40: BTC | M40: 42.736454 | N40: 38DHELMPRpYKZ2WBsbSSu2XpL1z6DCuxbA | P40: exchange | Q40: GDAC | R40: Peertec | S40: a4ce5db4b55eae3f9b8d2de9268cc04b4456a08a1f05e3b865bce0c7b2b48370 | T40: 44694.531 | U40: 2022-05-13
A41: exchange | B41: FTX | C41: BBRICK | D41: B-Brick | E41: 8 | F41: BTC | G41: 39wUrg2Sd1UG8Gey19faN4YQRPYEDpb48E | I41: FTX | J41: BBRICK | K41: BTC | L41: BTC | M41: 7.313032 | N41: 1PGtrAWYP76oAfYMz19cE9EyhpfejVichV | S41: 190e7af6d685856c5ab6fcdd01488cedf300d32f20ea79fe10fa4bbc416cd84c | T41: 44477.632 | U41: 2021-10-08
A42: Wallet | B42: Terra | C42: BBRICK | D42: 지닥용_Terra_wallet | G42: terra1j4u9e5n8xu9c9jykny8uqw6lde6843qczzwd0x | I42: 지닥용 테라 지갑 | J42: BBRICK | K42: UST | L42: Terra | M42: 7000000 | N42: terra1luagdjcr9c9yvp3ak4d7chjm5gldcmgln5rku5 | O42: 823031602 | P42: exchange | Q42: FTX | R42: Peertec | S42: 103FBA20CD9E73C04B81E20423EE98979E4AF5D422F3D966D376B0A71BAC1163 | T42: 44691.431 | U42: 2022-05-10
A43: Wallet | B43: Terra | C43: BBRICK | D43: 비브릭용_Terra_wallet | G43: terra174evzq0tnd0uvzkkrvg08n9geqpcsvdrychcm8 | I43: 비브릭 테라 | J43: BBRICK | K43: UST | L43: Terra | M43: 5000000 | N43: terra1luagdjcr9c9yvp3ak4d7chjm5gldcmgln5rku5 | O43: 1273090217 | P43: exchange | Q43: FTX | R43: BBRICK | S43: A536DEB94CE6C3758554DEA249C6B26782CD0AEA7FEB41CA9439A1CB4204DD09 | T43: 44691.374 | U43: 2022-05-10
A44: exchange | B44: FTX | C44: BBRICK | D44: B-Brick | E44: 8 | F44: BTC | G44: 39wUrg2Sd1UG8Gey19faN4YQRPYEDpb48E | I44: FTX | J44: BBRICK | K44: BTC | L44: BTC | M44: 7.313032 | N44: 190e7af6d685856c5ab6fcdd01488cedf300d32f20ea79fe10fa4bbc416cd84c | S44: 190e7af6d685856c5ab6fcdd01488cedf300d32f20ea79fe10fa4bbc416cd84c | T44: 44477.632 | U44: 2021-10-08
A45: Wallet | B45: Terra | C45: BBRICK | D45: 지닥용_Terra_wallet | G45: terra1j4u9e5n8xu9c9jykny8uqw6lde6843qczzwd0x | I45: 지닥용 테라 지갑 | J45: BBRICK | K45: UST | L45: Terra | M45: 10000 | N45: terra1ncjg4a59x2pgvqy9qjyqprlj8lrwshm0wleht5 | O45: 108999629 | S45: 5EC77766E61A5C53C96A9ED4B04C2151B37FBC3AFB5AB22366396C7DE0F56E9E | T45: 44690.497 | U45: 2022-05-09
A46: Wallet | B46: Terra | C46: BBRICK | D46: 지닥용_Terra_wallet | G46: terra1j4u9e5n8xu9c9jykny8uqw6lde6843qczzwd0x | I46: 지닥용 테라 지갑 | J46: BBRICK | K46: UST | L46: Terra | M46: 690000 | N46: terra1luagdjcr9c9yvp3ak4d7chjm5gldcmgln5rku5 | O46: 823031602 | P46: exchange | Q46: FTX | R46: Peertec | S46: 8A7082882BC7CFE4890ED19C00FDAC9152A5D9444774C775B926ED2A650A5E70 | T46: 44690.496 | U46: 2022-05-09
A47: Wallet | B47: Terra | C47: BBRICK | D47: 지닥용_Terra_wallet | G47: terra1j4u9e5n8xu9c9jykny8uqw6lde6843qczzwd0x | I47: 지닥용 테라 지갑 | J47: BBRICK | K47: UST | L47: Terra | M47: 311920 | N47: terra1luagdjcr9c9yvp3ak4d7chjm5gldcmgln5rku5 | O47: 823031602 | P47: exchange | Q47: FTX | R47: Peertec | S47: 956955CA84BED58157123A8379448AB132ECD399AB9AB8354248C84F2C170212 | T47: 44690.475 | U47: 2022-05-09
A48: exchange | B48: FTX | C48: BBRICK | D48: Bithumb | E48: 7 | F48: USDC | G48: 0xCe17482d83FD53E2A921186Bd6ddd412610F7A1f | I48: FTX | J48: BBRICK | K48: USDC | M48: 1857.549 | T48: 44649.971 | U48: 2022-03-29
A49: exchange | B49: FTX | C49: BBRICK | D49: Bithumb | E49: 7 | F49: BNB | I49: FTX | J49: BBRICK | K49: BNB | M49: 23.53538 | T49: 44649.971 | U49: 2022-03-29
A50: exchange | B50: FTX | C50: BBRICK | D50: Bithumb | E50: 7 | F50: BTC | G50: 3LLRS688CkBg71m4qvEffbHh9sMQZfH5or | I50: FTX | J50: BBRICK | K50: BTC | M50: 0.060209 | T50: 44649.971 | U50: 2022-03-29
A51: Wallet | B51: Terra | C51: BBRICK | D51: 지닥용_Terra_wallet | G51: terra1j4u9e5n8xu9c9jykny8uqw6lde6843qczzwd0x | I51: 지닥용 테라 지갑 | J51: BBRICK | K51: UST | L51: Terra | M51: 500000 | N51: terra1luagdjcr9c9yvp3ak4d7chjm5gldcmgln5rku5 | O51: 823031602 | P51: exchange | Q51: FTX | R51: Peertec | S51: E6953AF085A5BFA2D4B074BF707A428B8042D63D2B947288606C5B7F4BE55E74 | T51: 44689.666 | U51: 2022-05-08
A52: exchange | B52: Binance | C52: BBRICK | D52: Main | E52: 10012 | F52: XLM | G52: GAHK7EEG2WWHVKDNT4CEQFZGKF2LGDSW2IVM4S5DP42RBW3K6BTODB4A | H52: 1061941801 | I52: Binance | J52: BBRICK | K52: XLM | L52: XLM | M52: 60021.98 | N52: GAJWYT5AIFS6LRUIDXGII4THBSW6DI3WLTULCDK63QN43L7DTSNENUNS | O52: bc6bdca3b4b911ec | P52: exchange | Q52: GDAC | R52: Peertec | S52: 084e55825c38c541fab9071289651256e7d947929b1b188a51356ccb7cf9df1a | T52: 44694.527 | U52: 2022-05-13
A53: exchange | B53: FTX | C53: BBRICK | D53: Bithumb | E53: 7 | F53: ETH | G53: 0x87b88FB60b6429DB66ADd58aB6C909A1C715E346 | I53: FTX | J53: BBRICK | K53: ETH | M53: 0.293338 | T53: 44649.97 | U53: 2022-03-29
A54: exchange | B54: FTX | C54: BBRICK | D54: Bithumb | E54: 7 | F54: USDT | G54: 0xCe17482d83FD53E2A921186Bd6ddd412610F7A1f | I54: FTX | J54: BBRICK | K54: USDT | M54: 114489.6 | T54: 44649.97 | U54: 2022-03-29
A55: Wallet | B55: Terra | C55: BBRICK | D55: 지닥용_Terra_wallet | G55: terra1j4u9e5n8xu9c9jykny8uqw6lde6843qczzwd0x | I55: 지닥용 테라 지갑 | J55: BBRICK | K55: UST | L55: Terra | M55: 615580 | N55: terra1luagdjcr9c9yvp3ak4d7chjm5gldcmgln5rku5 | O55: 823031602 | P55: exchange | Q55: FTX | R55: Peertec | S55: 3F01086689465D1865D182D29BDEFED54CA569386EF58373EAFCEE2B606A33FD | T55: 44687.551 | U55: 2022-05-06
A56: exchange | B56: FTX | C56: BBRICK | D56: Bithumb | E56: 7 | F56: WBTC | G56: #N/A | I56: FTX | J56: BBRICK | K56: WBTC | L56: ERC20 | M56: 86.56476 | N56: 0xC8864df74a02b69992C4e680b50b9d77E13Ee41F | S56: 0x1786cfa2f1d77e4de1e078631ae8ea05e640b57430ead8beabd66cd379017cd2 | T56: 44565.855 | U56: 2022-01-04
A57: exchange | B57: FTX | C57: BBRICK | D57: Bithumb | E57: 7 | F57: WBTC | G57: #N/A | I57: FTX | J57: BBRICK | K57: WBTC | L57: ERC20 | M57: 100.1221 | N57: 0x8F27fa136Ff4Da1796368380019029d81d12D06D | P57: exchange | Q57: FTX | R57: Peertec | S57: 0xcc483e56d1c60474282cec6cf5fd2f6aab1aeb87fce0cc024bed65c8f3750a53 | T57: 44543.584 | U57: 2021-12-13
A58: Wallet | B58: Terra | C58: BBRICK | D58: 지닥용_Terra_wallet | G58: terra1j4u9e5n8xu9c9jykny8uqw6lde6843qczzwd0x | I58: 지닥용 테라 지갑 | J58: BBRICK | K58: UST | L58: Terra | M58: 8.76 | N58: terra1luagdjcr9c9yvp3ak4d7chjm5gldcmgln5rku5 | O58: 823031602 | P58: exchange | Q58: FTX | R58: Peertec | S58: F5D1217D213043616E3858471464CC60AF197D84A45F0BB7B29B066D5D07AA75 | T58: 44687.465 | U58: 2022-05-06
A59: Wallet | B59: Terra | C59: BBRICK | D59: 지닥용_Terra_wallet | G59: terra1j4u9e5n8xu9c9jykny8uqw6lde6843qczzwd0x | I59: 지닥용 테라 지갑 | J59: BBRICK | K59: UST | L59: Terra | M59: 50000 | N59: terra1luagdjcr9c9yvp3ak4d7chjm5gldcmgln5rku5 | O59: 823031602 | P59: exchange | Q59: FTX | R59: Peertec | S59: 97FA5F41B571976E7140D58695E7717129EA89E975CD4791CDF49862A5939AAF | T59: 44687.459 | U59: 2022-05-06
A60: exchange | B60: FTX | C60: BBRICK | D60: Bithumb | E60: 7 | F60: SRM | G60: #N/A | I60: FTX | J60: BBRICK | K60: SRM | M60: 0.057508 | T60: 44476.968 | U60: 2021-10-07
A61: Wallet | B61: Terra | C61: BBRICK | D61: 지닥용_Terra_wallet | G61: terra1j4u9e5n8xu9c9jykny8uqw6lde6843qczzwd0x | I61: 지닥용 테라 지갑 | J61: BBRICK | K61: UST | L61: Terra | M61: 400000 | N61: terra1luagdjcr9c9yvp3ak4d7chjm5gldcmgln5rku5 | O61: 823031602 | P61: exchange | Q61: FTX | R61: Peertec | S61: B41C61DEA4BC42B6E5C7504E8CBE0305F20106D671BBD39F94130F038E579258 | T61: 44687.426 | U61: 2022-05-06
A62: exchange | B62: FTX | C62: BBRICK | D62: Bithumb | E62: 7 | F62: SRM_LOCKED | G62: #N/A | I62: FTX | J62: BBRICK | K62: SRM_LOCKED | M62: 122.6645 | T62: 44476.967 | U62: 2021-10-07
A63: Wallet | B63: Terra | C63: BBRICK | D63: 비브릭용_Terra_wallet | G63: terra174evzq0tnd0uvzkkrvg08n9geqpcsvdrychcm8 | I63: 비브릭 테라 | J63: BBRICK | K63: UST | L63: Terra | M63: 2000000 | N63: terra1luagdjcr9c9yvp3ak4d7chjm5gldcmgln5rku5 | O63: 1273090217 | P63: exchange | Q63: FTX | R63: BBRICK | S63: 25AC94A22A277D40B14C1205C6228B4D4D92B07B25C6725D29BA1055D16F80F7 | T63: 44687.393 | U63: 2022-05-06
A64: exchange | B64: Binance | C64: BBRICK | D64: Main | E64: 10012 | F64: ETH | G64: 0x5d6fcf22aa4e4ff8da0abe329392e7c5306d22f3 | I64: Binance | J64: BBRICK | K64: ETH | L64: ETH | M64: 20 | N64: 0xB0B3ffea3090e1430f48A74628517c3bC6243d61 | P64: Wallet | Q64: Metamask | R64: Chai | S64: 0x73205adb9f5fd59e882692bafd813543204347b1e00e1b8bee12e18408fb44d1 | T64: 44694.476 | U64: 2022-05-13
A65: exchange | B65: FTX | C65: BBRICK | D65: Bithumb | E65: 7 | F65: BTC | G65: 3LLRS688CkBg71m4qvEffbHh9sMQZfH5or | I65: FTX | J65: BBRICK | K65: BTC | M65: 287.1261 | T65: 44564.666 | U65: 2022-01-03
A66: exchange | B66: FTX | C66: BBRICK | D66: Bithumb | E66: 7 | F66: FTT | G66: #N/A | I66: FTX | J66: BBRICK | K66: FTT | M66: 6.875087 | T66: 44475.439 | U66: 2021-10-06
A67: Wallet | B67: Terra | C67: BBRICK | D67: 지닥용_Terra_wallet | G67: terra1j4u9e5n8xu9c9jykny8uqw6lde6843qczzwd0x | I67: 지닥용 테라 지갑 | J67: BBRICK | K67: UST | L67: Terra | M67: 178200 | N67: terra1luagdjcr9c9yvp3ak4d7chjm5gldcmgln5rku5 | O67: 823031602 | P67: exchange | Q67: FTX | R67: Peertec | S67: EFB149D5AEE560554B5043D0713EE422651CDEBDC23F81C5957D6B150C499102 | T67: 44686.384 | U67: 2022-05-05
A68: exchange | B68: Binance | C68: BBRICK | D68: Main | E68: 10012 | F68: BUSD | I68: Binance | J68: BBRICK | K68: BUSD | L68: BSC | M68: 150 | N68: 0x737aca2f9ef4384d0ff589f62b5e9569f93c2012 | P68: Wallet | Q68: 미확인 | R68: 미확인 | S68: Internal transfer 106386518725 | T68: 44694.336 | U68: 2022-05-13
A69: exchange | B69: OKEX | C69: Peertec | F69: USDT | G69: TMcMtgM9VMkMNdehmyC3Ls8ZPWwgxgJ8pA | I69: OKEX | J69: Peertec | K69: USDT | L69: TRON | M69: 42757.353 | N69: TMcvPro1vsDis5VX8d4pNTroyugXoAK8mf | S69: bf0388b9340d325b925e3558771b85662048094f12aa75011804cd18ad2d032e | T69: 44685.689 | U69: 2022-05-04
A70: Wallet | B70: Terra | C70: BBRICK | D70: 지닥용_Terra_wallet | G70: terra1j4u9e5n8xu9c9jykny8uqw6lde6843qczzwd0x | I70: 지닥용 테라 지갑 | J70: BBRICK | K70: UST | L70: Terra | M70: 30000 | N70: terra1ncjg4a59x2pgvqy9qjyqprlj8lrwshm0wleht5 | O70: 108999629 | S70: C0FFF8E47075541D0A3A7C9F118A4FA0031FA1B8A6046676A5086B1D8E41B4FC | T70: 44685.437 | U70: 2022-05-04
A71: exchange | B71: FTX | C71: BBRICK | D71: Bithumb | E71: 7 | F71: XRP | G71: rPFXvVo2fYXVPdV9gCHQouHsMgMhQ2aUwM | H71: 3881198667 | I71: FTX | J71: BBRICK | K71: XRP | L71: XRP | M71: 816000 | N71: rwSdwXsQVCjYXUyempsGxk1Sgws6perYZL | O71: 1425276567 | P71: exchange | Q71: Gopax | R71: Gopax | S71: 67C522C7AD786FFA1882ADDC76920DF00A39F7F7A8ECD4BF32242BD2D0CC939C | T71: 44438.832 | U71: 2021-08-30
A72: exchange | B72: FTX | C72: BBRICK | D72: Bithumb | E72: 7 | F72: SOL | G72: HFaX33KAtC9knovpb1xsMXfV971D8L4Qhf66XzozYGww | I72: FTX | J72: BBRICK | K72: SOL | M72: 1497.579 | T72: 44561.508 | U72: 2021-12-31
A73: Wallet | B73: Terra | C73: BBRICK | D73: 지닥용_Terra_wallet | G73: terra1j4u9e5n8xu9c9jykny8uqw6lde6843qczzwd0x | I73: 지닥용 테라 지갑 | J73: BBRICK | K73: UST | L73: Terra | M73: 200000 | N73: terra1luagdjcr9c9yvp3ak4d7chjm5gldcmgln5rku5 | O73: 823031602 | P73: exchange | Q73: FTX | R73: Peertec | S73: 41DB61BA88CD78D6925D410533861A5084A41E5D8848B6397AD2ED38326A9B4B | T73: 44685.427 | U73: 2022-05-04
A74: exchange | B74: FTX | C74: BBRICK | D74: Bithumb | E74: 7 | F74: XRP | G74: rPFXvVo2fYXVPdV9gCHQouHsMgMhQ2aUwM | H74: 3881198667 | I74: FTX | J74: BBRICK | K74: XRP | L74: XRP | M74: 2200000 | N74: rwSdwXsQVCjYXUyempsGxk1Sgws6perYZL | O74: 1425276567 | P74: exchange | Q74: Gopax | R74: Gopax | S74: 7C67BE38EEFED8B32DF2CDDC264E5D7834ADAE5A42808A7EE0BE4CA5C62CE8EC | T74: 44438.698 | U74: 2021-08-30
A75: Wallet | B75: Terra | C75: BBRICK | D75: 지닥용_Terra_wallet | G75: terra1j4u9e5n8xu9c9jykny8uqw6lde6843qczzwd0x | I75: 지닥용 테라 지갑 | J75: BBRICK | K75: UST | L75: Terra | M75: 14235 | N75: terra1luagdjcr9c9yvp3ak4d7chjm5gldcmgln5rku5 | O75: 823031602 | P75: exchange | Q75: FTX | R75: Peertec | S75: 38B5544EF97307D1FAE4BF4695DB99FD53AF0F227515E53CBB0360D311A64BED | T75: 44684.603 | U75: 2022-05-03
A76: exchange | B76: OKEX | C76: Peertec | F76: KLAY | G76: 0x5006bc0d4fa0117e93d21aa663969fc6703a4319 | H76: 183316 | I76: OKEX | J76: Peertec | K76: KLAY | L76: KLAY | M76: 34.094 | N76: 0x81251D5047F57Bb6158D39B72aE1bf92FaF26261 | P76: Wallet | Q76: Metamask | R76: Peertec | S76: 0x9c74819393878868dbf3dba60c53cd0a71503794a1aee32351fb53dcda36cd83 | T76: 44684.499 | U76: 2022-05-03
A77: Wallet | B77: Terra | C77: BBRICK | D77: 지닥용_Terra_wallet | G77: terra1j4u9e5n8xu9c9jykny8uqw6lde6843qczzwd0x | I77: 지닥용 테라 지갑 | J77: BBRICK | K77: UST | L77: Terra | M77: 0.09 | N77: terra1luagdjcr9c9yvp3ak4d7chjm5gldcmgln5rku5 | O77: 823031602 | P77: exchange | Q77: FTX | R77: Peertec | S77: 0DF983D784007106A549CB2DDDE0D6D2589AB4C25E6FEEA0F82A99923B25E936 | T77: 44684.494 | U77: 2022-05-03
A78: exchange | B78: FTX | C78: BBRICK | D78: Bithumb | E78: 7 | F78: ETH | G78: 0x87b88FB60b6429DB66ADd58aB6C909A1C715E346 | I78: FTX | J78: BBRICK | K78: ETH | L78: ETH | M78: 3011.176 | N78: 0x5d6fcf22aa4e4ff8da0abe329392e7c5306d22f3 | P78: exchange | Q78: Binance | R78: BBRICK | S78: 0x808d8b69f2a3b5dc8c227896ddbba9d841b1902de50bca7275c9c3f4e70fedcb | T78: 44553.448 | U78: 2021-12-23
A79: exchange | B79: FTX | C79: BBRICK | D79: Bithumb | E79: 7 | F79: ETH | G79: 0x87b88FB60b6429DB66ADd58aB6C909A1C715E346 | I79: FTX | J79: BBRICK | K79: ETH | L79: ETH | M79: 1441.752 | N79: 0x6d43fb624b527d00fa9736c527765d5a9d85e97c | P79: exchange | Q79: Gopax | R79: Gopax | S79: 0x2e61e93a912a9f6fa49745a8a148f8b4f8710e528f429fb66c9f9a60034b973c | T79: 44553.445 | U79: 2021-12-23
A80: exchange | B80: FTX | C80: BBRICK | D80: Bithumb | E80: 7 | F80: USDT | G80: 0xCe17482d83FD53E2A921186Bd6ddd412610F7A1f | I80: FTX | J80: BBRICK | K80: USDT | L80: ERC20 | M80: 1064998 | N80: 0x8F27fa136Ff4Da1796368380019029d81d12D06D | P80: exchange | Q80: FTX | R80: Peertec | S80: 0x405d2d75e25b1d393225448f42897954e8988fb96e9d092a102276a296d4b696 | T80: 44544.261 | U80: 2021-12-14
A81: exchange | B81: FTX | C81: BBRICK | D81: Bithumb | E81: 7 | F81: USDC | G81: 0xCe17482d83FD53E2A921186Bd6ddd412610F7A1f | I81: FTX | J81: BBRICK | K81: USDC | L81: SOL | M81: 3000002 | N81: SUZXwKfyPi8U4nMJNvT6b7WgDkaKmHvfVT9uE3yZYjx | P81: exchange | Q81: Binance | R81: BBRICK | S81: 2NP2JTVeMiEx9HhUmLjWLXSMDitVh6bomTuPKudgTMGC79wRtyegg4uwRLN75y8APPaYnMXnGA74ExAYWoQW1hre | T81: 44538.888 | U81: 2021-12-08
A82: exchange | B82: FTX | C82: BBRICK | D82: Bithumb | E82: 7 | F82: SOL | G82: HFaX33KAtC9knovpb1xsMXfV971D8L4Qhf66XzozYGww | I82: FTX | J82: BBRICK | K82: SOL | L82: SOL | M82: 15 | N82: PRrp3HQt7STMqiPT9CZobqSq9gf7Njh8tYT4Bx611tE | S82: 4Ze7gU9aPi7XSu43FP5TAtT9qw6mVfTNsyx4C6GRg57oMCxU56fFWiGrToa6rEsMR4493Wz7GmrK4t24kNwjqhfo | T82: 44538.568 | U82: 2021-12-08
A83: exchange | B83: FTX | C83: BBRICK | D83: Bithumb | E83: 7 | F83: USDC | G83: 0xCe17482d83FD53E2A921186Bd6ddd412610F7A1f | I83: FTX | J83: BBRICK | K83: USDC | L83: ERC20 | M83: 958615.6 | N83: 0x5d6fcf22aa4e4ff8da0abe329392e7c5306d22f3 | P83: exchange | Q83: Binance | R83: BBRICK | S83: 0x5be5e4e00cf7a3e8e07dfc8bed75830fb6239ef58d62d198b8da42b51415bf68 | T83: 44538.562 | U83: 2021-12-08
A84: exchange | B84: FTX | C84: BBRICK | D84: Bithumb | E84: 7 | F84: BTC | G84: 3LLRS688CkBg71m4qvEffbHh9sMQZfH5or | I84: FTX | J84: BBRICK | K84: BTC | L84: BTC | M84: 1.5 | N84: 19SK9LWSXLdmwPxvjPgvUrdaPhaPS6LaNu | P84: exchange | Q84: Binance | R84: BBRICK | S84: 9ee4a91787ba0c103581f5234f8bd0e156cf338dc776f0f01314576cdb532cd3 | T84: 44530.714 | U84: 2021-11-30
A85: exchange | B85: FTX | C85: BBRICK | D85: Bithumb | E85: 7 | F85: USDC | G85: 0xCe17482d83FD53E2A921186Bd6ddd412610F7A1f | I85: FTX | J85: BBRICK | K85: USDC | L85: ERC20 | M85: 300000 | N85: 0x13760b31fab58322ee11613d41e4d4e358dd964f | S85: 0x05359249673ceefb7be2d232052dd0cad33ff063a89c102b68d1225df08284f0 | T85: 44512.488 | U85: 2021-11-12
A86: exchange | B86: FTX | C86: BBRICK | D86: Bithumb | E86: 7 | F86: BTC | G86: 3LLRS688CkBg71m4qvEffbHh9sMQZfH5or | I86: FTX | J86: BBRICK | K86: BTC | L86: BTC | M86: 3.5 | N86: 38xzneiUQJ8SnAFPkmYSpiqtpivFYd25Wf | S86: 2b8fcbc760187578956af32f1844b859f6d9340c2a69676c128288996b064041 | T86: 44511.435 | U86: 2021-11-11
A87: exchange | B87: FTX | C87: BBRICK | D87: Bithumb | E87: 7 | F87: BTC | G87: 3LLRS688CkBg71m4qvEffbHh9sMQZfH5or | I87: FTX | J87: BBRICK | K87: BTC | L87: BTC | M87: 3 | N87: 38xzneiUQJ8SnAFPkmYSpiqtpivFYd25Wf | S87: 2ef42a7b45347c916e1ec9040296d26915b840c80808558196f2e0c21cfa9a4f | T87: 44510.497 | U87: 2021-11-10
A88: Wallet | B88: Terra | C88: BBRICK | D88: 지닥용_Terra_wallet | G88: terra1j4u9e5n8xu9c9jykny8uqw6lde6843qczzwd0x | I88: 지닥용 테라 지갑 | J88: BBRICK | K88: UST | L88: Terra | M88: 1640000 | N88: terra1luagdjcr9c9yvp3ak4d7chjm5gldcmgln5rku5 | O88: 823031602 | P88: exchange | Q88: FTX | R88: Peertec | S88: CC86DADB86EDD5C07E945C498A60C7FA5C1E51F3214035B60989AF0069CB46AB | T88: 44683.462 | U88: 2022-05-02
A89: exchange | B89: FTX | C89: BBRICK | D89: Bithumb | E89: 7 | F89: USDC | G89: 0xCe17482d83FD53E2A921186Bd6ddd412610F7A1f | I89: FTX | J89: BBRICK | K89: USDC | L89: ERC20 | M89: 200000 | N89: 0x13760b31fab58322ee11613d41e4d4e358dd964f | S89: 0xb227896da9b32324a0f35798225d4198b14b41c41c3af60496c05efdb3ed703c | T89: 44499.605 | U89: 2021-10-30
A90: exchange | B90: FTX | C90: BBRICK | D90: Bithumb | E90: 7 | F90: BTC | G90: 3LLRS688CkBg71m4qvEffbHh9sMQZfH5or | I90: FTX | J90: BBRICK | K90: BTC | L90: BTC | M90: 3 | N90: 38xzneiUQJ8SnAFPkmYSpiqtpivFYd25Wf | S90: c838dae90c27012c8ff5d0038d31cbaf80b71ad4cb001db9c56eb376eec1ef85 | T90: 44496.574 | U90: 2021-10-27
A91: exchange | B91: OKEX | C91: Peertec | F91: USDT | G91: TMcMtgM9VMkMNdehmyC3Ls8ZPWwgxgJ8pA | I91: OKEX | J91: Peertec | K91: USDT | L91: TRON | M91: 2261.306 | N91: TMcvPro1vsDis5VX8d4pNTroyugXoAK8mf | S91: 145fc73f8e4741f64df65459072d28d04900e9758e79ebbb2694eef005b57e32 | T91: 44683.447 | U91: 2022-05-02
A92: exchange | B92: OKEX | C92: Peertec | F92: KLAY | G92: 0x5006bc0d4fa0117e93d21aa663969fc6703a4319 | H92: 183316 | I92: OKEX | J92: Peertec | K92: KLAY | L92: KLAY | M92: 1180.728 | N92: 0x81251D5047F57Bb6158D39B72aE1bf92FaF26261 | P92: Wallet | Q92: Metamask | R92: Peertec | S92: 0x0f8d490ced03d45b1af1c8e9ed50d6055fcce21c1d69cf9ee277c803724768cf | T92: 44683.379 | U92: 2022-05-02
A93: exchange | B93: FTX | C93: BBRICK | D93: Bithumb | E93: 7 | F93: BTC | G93: 3LLRS688CkBg71m4qvEffbHh9sMQZfH5or | I93: FTX | J93: BBRICK | K93: BTC | L93: BTC | M93: 3 | N93: 38xzneiUQJ8SnAFPkmYSpiqtpivFYd25Wf | S93: 6586b66e1453f4cdba4509d3ff650e35555a3852da143c0a298bac6637dd7962 | T93: 44495.691 | U93: 2021-10-26
A94: exchange | B94: OKEX | C94: Peertec | F94: USDT | G94: TMcMtgM9VMkMNdehmyC3Ls8ZPWwgxgJ8pA | I94: OKEX | J94: Peertec | K94: USDT | L94: ETH | M94: 24812.593 | N94: 0x81251D5047F57Bb6158D39B72aE1bf92FaF26261 | P94: Wallet | Q94: Metamask | R94: Peertec | S94: 0x1e9d10740e1212ed20d440c747ba13ebd3f795af6ba0675851fc4ffccf3a0ebb | T94: 44680.473 | U94: 2022-04-29
A95: exchange | B95: FTX | C95: BBRICK | D95: Bithumb | E95: 7 | F95: BTC | G95: 3LLRS688CkBg71m4qvEffbHh9sMQZfH5or | I95: FTX | J95: BBRICK | K95: BTC | L95: BTC | M95: 2 | N95: 38xzneiUQJ8SnAFPkmYSpiqtpivFYd25Wf | S95: bf2cc4b5ccef40334c254be6bcc28e7ea729543984abf301b2af909d75204942 | T95: 44488.453 | U95: 2021-10-19
A96: exchange | B96: FTX | C96: BBRICK | D96: Bithumb | E96: 7 | F96: BTC | G96: 3LLRS688CkBg71m4qvEffbHh9sMQZfH5or | I96: FTX | J96: BBRICK | K96: BTC | L96: BTC | M96: 2 | N96: 38xzneiUQJ8SnAFPkmYSpiqtpivFYd25Wf | S96: bdc3b49893f7cb683e3fbd335ac4b69fa0b834ef1e6f45667504bf5aae1f566a | T96: 44486.559 | U96: 2021-10-17
A97: exchange | B97: OKEX | C97: Peertec | F97: USDT | G97: TMcMtgM9VMkMNdehmyC3Ls8ZPWwgxgJ8pA | I97: OKEX | J97: Peertec | K97: USDT | L97: TRON | M97: 2919.759 | N97: TMcvPro1vsDis5VX8d4pNTroyugXoAK8mf | S97: 35fe9bc1e6779bfe03638e67c726522d7534d1dff460337e4f76414695d46d61 | T97: 44679.512 | U97: 2022-04-28
A98: exchange | B98: FTX | C98: BBRICK | D98: Bithumb | E98: 7 | F98: SOL | G98: HFaX33KAtC9knovpb1xsMXfV971D8L4Qhf66XzozYGww | I98: FTX | J98: BBRICK | K98: SOL | L98: SOL | M98: 200 | N98: 6JJFfXZtTNBVZAViJfVfWriVBQzGV9YfiBCi3DJrqZmp | S98: 8S4r8QcWmCPtLmjDBu7T4HpVi8oqncfmYWKJPkJAKm5huNRxHNMGDsZFthcTUV93BxNMNJy3qEwCAcJi8vjfJWg | T98: 44485.693 | U98: 2021-10-16
A99: exchange | B99: OKEX | C99: Peertec | F99: KLAY | G99: 0x5006bc0d4fa0117e93d21aa663969fc6703a4319 | H99: 183316 | I99: OKEX | J99: Peertec | K99: KLAY | L99: KLAY | M99: 8452.069 | N99: 0x81251D5047F57Bb6158D39B72aE1bf92FaF26261 | P99: Wallet | Q99: Metamask | R99: Peertec | S99: 0x30c3f78155632ed089328a26a4b580f44c8bd71391661f01de25384fbddcae46 | T99: 44679.421 | U99: 2022-04-28
A100: exchange | B100: Binance | C100: BBRICK | D100: Main | E100: 10012 | F100: ETH | G100: 0x5d6fcf22aa4e4ff8da0abe329392e7c5306d22f3 | I100: Binance | J100: BBRICK | K100: ETH | L100: ETH | M100: 2 | N100: 0xa54316f6B75040B3e254b6e21508d23d4F5e0E3e | P100: Wallet | Q100: 미확인 | R100: 미확인 | S100: 0x2d64a18f6926b26d5345de282750b1057b7ab979c4d1df8c754c702d75573e26 | T100: 44693.96 | U100: 2022-05-12
...

Sheet (참고) Index
A1: idx | B1: account type | C1: name | D1: ownership | E1: subname | F1: 출금 최초시간 | G1: 입금 최초시간
A2: 1 | B2: exchange | C2: FTX | D2: Peertec | E2: Main_Peertec | F2: 44636.471 | G2: 44351.514
A3: 2 | B3: exchange | C3: FTX | D3: BBRICK | E3: Main_Bbrick | F3: 44340.675 | G3: 44340.637
A4: 3 | B4: exchange | C4: FTX | D4: BBRICK | E4: Bithumb_ETH | F4: 44089.663 | G4: 44082.68
A5: 4 | B5: exchange | C5: FTX | D5: BBRICK | E5: B-Brick | F5: 44477.632 | G5: 44168.476
A6: 5 | B6: exchange | C6: FTX | D6: BBRICK | E6: Coinone | F6: 44250.765 | G6: 44306.2
A7: 6 | B7: exchange | C7: FTX | D7: BBRICK | E7: Bithumb | F7: 44392.783 | G7: 44041.567
A8: 7 | B8: exchange | C8: FTX | D8: BBRICK | E8: BTSE | F8: 44068.638 | G8: 44043.458
A9: 8 | B9: exchange | C9: Binance | D9: BBRICK | E9: Main | F9: 44265.431 | G9: 44265.468
A10: 9 | B10: exchange | C10: Binance | D10: BBRICK | E10: Sub | G10: 44566.66
A11: 10 | B11: exchange | C11: GDAC | D11: Peertec | E11: Gdac_index
A12: 11 | B12: exchange | C12: GDAC | D12: Peertec | E12: 거래소지갑
A13: 12 | B13: exchange | C13: Binance | D13: 용범 | E13: Main | F13: 44650.658 | G13: 44650.647
A14: 13 | B14: Wallet | C14: Metamask | D14: BBRICK
A15: 14 | B15: Wallet | C15: Terra | D15: BBRICK | E15: 비브릭용_Terra_Wallet | F15: 44496.451 | G15: 44478.494
A16: 15 | B16: Wallet | C16: Terra | D16: BBRICK | E16: 지닥용_Terra_Wallet | F16: 44635.532 | G16: 44623.462
A17: 16 | B17: Wallet | C17: Atom | D17: BBRICK
A18: 17 | B18: Wallet | C18: Klaytn | D18: BBRICK | E18: 지닥용 메타마스크 지갑
A19: 18 | B19: Wallet | C19: Tron | D19: BBRICK
A20: 19 | B20: Wallet | C20: Metamask | D20: Peertec
A21: 20 | B21: exchange | C21: 비둘기지갑 | D21: BBRICK | E21: 차이
A22: 21 | B22: exchange | C22: 비둘기지갑 | D22: BBRICK | E22: Trade wallet
A23: 22 | B23: exchange | C23: 비둘기지갑 | D23: BBRICK | E23: 비둘기 집금 지갑으로 추정
A24: 23 | B24: exchange | C24: 비둘기지갑 | D24: BBRICK | E24: Trade wallet_글로벌
A25: 24 | B25: Wallet | C25: Klaytn | D25: WTF | E25: what the frog owner address
A26: 25 | B26: Wallet | C26: Klaytn | D26: WTF | E26: wtfrog 발행 지갑
A27: 26 | B27: Wallet | C27: Klaytn | D27: WTF | E27: What The Frog Contract
A28: 27 | B28: exchange | C28: Binance | D28: Binance | E28: 거래소지갑
A29: 28 | B29: exchange | C29: Huobi | D29: Peertec | F29: 44237.732 | G29: 44232.773
A30: 29 | B30: exchange | C30: Huobi | D30: BBRICK | F30: 44695.68 | G30: 44695.712
A31: 30 | B31: Wallet | C31: Metamask | D31: BBRICK | E31: 차이 OTC 거래 지갑_BSC
A32: 31 | B32: Wallet | C32: Metamask | D32: Chai | E32: 차이 법인 지갑
A33: 32 | B33: Wallet | C33: Aurora | D33: 태호 | E33: 태호 관리 지갑? 확인 필요
A34: 33 | B34: exchange | C34: Bithumb | D34: 태호 | E34: 태호_개인_계정_지갑
A35: 34 | B35: exchange | C35: OKEX | D35: Peertec | F35: 44646.426 | G35: 44646.193
A36: 35 | B36: exchange | C36: OKEX | D36: BBRICK
A37: 36 | B37: exchange | C37: FTX | D37: 권용진 | E37: 개인_FTX_주소
A38: 37 | B38: exchange | C38: FTX | D38: BBRICK | E38: Chai | F38: 44693.977 | G38: 44693.916
A39: 38 | B39: exchange | C39: Upbit | D39: 용범 | E39: 레이너_전략_사용 | F39: 44496.606 | G39: 44488.768
A40: 39 | B40: exchange | C40: Binance | D40: 태호 | E40: 태호_개인 | F40: 44663.3 | G40: 44638
A41: 40 | B41: Wallet | C41: Kaikas | D41: 태호 | E41: 태호_개인지갑(WTF)
A42: 41 | B42: exchange | C42: Gopax | D42: BBRICK | E42: exchange@bbrick.io
A43: 42 | B43: exchange | C43: Bithumb | D43: BBRICK | E43: 구계정_yongjin@bbrick.io
